full_name,step_index,step_type,tool,tool_display,round_index,params_json,ancestor_design_id,notes,workflow
mythos_preview_multi_target_trem2_rank01,0,backbone_generation,rfdiffusion3,RFdiffusion3,,"{'generator': 'RFdiffusion3', 'class': 'diffusion', 'root_backbone_id': 'bb_e096072452'}",bb_e096072452,,mythos_preview_multi
mythos_preview_multi_target_trem2_rank01,1,sequence_design,solublempnn,SolubleMPNN,,{},bb_e096072452,,mythos_preview_multi
mythos_preview_multi_target_trem2_rank01,2,filter/refold,screen_refold,"In-loop refold screen (Protenix, 1 seed)",,"{'instrument': 'ptxv2', 'ipSAE': 0.855666, 'sc_DockQ': 0.62335}",bb_e096072452,,mythos_preview_multi
mythos_preview_multi_target_trem2_rank01,3,optimization,predict_redesign,"Predict-and-redesign (co-fold complex, redesign sequence on predicted pose with MPNN-family model)",1.0,"{'round': 1, 'seq_model': 'SolubleMPNN', 'strategy': 'predict_redesign'}",lin_36bdadbf60,,mythos_preview_multi
mythos_preview_multi_target_trem2_rank01,4,filter/refold,screen_refold,"In-loop refold screen (Protenix, 1 seed)",,{'instrument': 'ptxv2'},lin_36bdadbf60,,mythos_preview_multi
mythos_preview_multi_target_trem2_rank01,5,optimization,predict_redesign,"Predict-and-redesign (co-fold complex, redesign sequence on predicted pose with MPNN-family model)",2.0,"{'redesign_on_prediction_from': 'ptxv2', 'round': 2, 'seq_model': 'SolubleMPNN', 'strategy': 'predict_redesign'}",lin_d22655d4c8,,mythos_preview_multi
mythos_preview_multi_target_trem2_rank01,6,filter/refold,screen_refold,"In-loop refold screen (Protenix, 1 seed)",,"{'instrument': 'ptxv2', 'ipSAE': 0.749627, 'sc_DockQ': 0.561664}",lin_d22655d4c8,,mythos_preview_multi
mythos_preview_multi_target_trem2_rank01,7,optimization,predict_redesign,"Predict-and-redesign (co-fold complex, redesign sequence on predicted pose with MPNN-family model)",3.0,"{'redesign_on_prediction_from': 'ptxv2', 'round': 3, 'seq_model': 'SolubleMPNN', 'strategy': 'predict_redesign'}",lin_ff76bfad2f,,mythos_preview_multi
mythos_preview_multi_target_trem2_rank01,8,filter/refold,screen_refold,"In-loop refold screen (Protenix, 1 seed)",,"{'instrument': 'ptxv2', 'ipSAE': 0.759754, 'sc_DockQ': 0.545452}",lin_ff76bfad2f,,mythos_preview_multi
mythos_preview_multi_target_trem2_rank01,9,optimization,predict_redesign,"Predict-and-redesign (co-fold complex, redesign sequence on predicted pose with MPNN-family model)",4.0,"{'redesign_on_prediction_from': 'ptxv2', 'round': 4, 'seq_model': 'SolubleMPNN', 'strategy': 'predict_redesign'}",lin_fb0096f3d2,,mythos_preview_multi
mythos_preview_multi_target_trem2_rank01,10,filter/refold,screen_refold,"In-loop refold screen (Protenix, 1 seed)",,"{'instrument': 'ptxv2', 'ipSAE': 0.789946, 'sc_DockQ': 0.575345}",lin_fb0096f3d2,,mythos_preview_multi
mythos_preview_multi_target_trem2_rank01,11,optimization,predict_redesign,"Predict-and-redesign (co-fold complex, redesign sequence on predicted pose with MPNN-family model)",5.0,"{'redesign_on_prediction_from': 'ptxv2', 'round': 5, 'seq_model': 'SolubleMPNN', 'strategy': 'predict_redesign'}",lin_9f64c115e0,,mythos_preview_multi
mythos_preview_multi_target_trem2_rank01,12,filter/refold,screen_refold,"In-loop refold screen (Protenix, 1 seed)",,"{'instrument': 'ptxv2', 'ipSAE': 0.800235, 'sc_DockQ': 0.498391}",lin_9f64c115e0,,mythos_preview_multi
mythos_preview_multi_target_trem2_rank01,13,filter/refold,final_ranking,"Final ranking gate (rank z-score across instruments, 5 seeds)",,"{'gate_instruments': ['ptxv2', 'ef2full', 'ef2fast'], 'ipSAE_ptxv2': 0.8951445943548862, 'sc_DockQ_ptxv2': 0.5786139209004043, 'selection_relaxation_step': None}",lin_63437fa547,,mythos_preview_multi
mythos_preview_multi_target_trem2_rank01,14,selection,selected_for_order,Selected for synthesis (rank 1 in Mythos Preview multi-target TREM2),,{'rank': 1},lin_63437fa547,,mythos_preview_multi
mythos_preview_multi_target_trem2_rank02,0,backbone_generation,rfdiffusion3,RFdiffusion3,,"{'generator': 'RFdiffusion3', 'class': 'diffusion', 'root_backbone_id': 'bb_e096072452'}",bb_e096072452,,mythos_preview_multi
mythos_preview_multi_target_trem2_rank02,1,sequence_design,solublempnn,SolubleMPNN,,{},bb_e096072452,,mythos_preview_multi
mythos_preview_multi_target_trem2_rank02,2,filter/refold,screen_refold,"In-loop refold screen (Protenix, 1 seed)",,"{'instrument': 'ptxv2', 'ipSAE': 0.855666, 'sc_DockQ': 0.62335}",bb_e096072452,,mythos_preview_multi
mythos_preview_multi_target_trem2_rank02,3,optimization,predict_redesign,"Predict-and-redesign (co-fold complex, redesign sequence on predicted pose with MPNN-family model)",1.0,"{'redesign_on_prediction_from': 'ptxv2', 'round': 1, 'seq_model': 'SolubleMPNN', 'strategy': 'predict_redesign'}",lin_36bdadbf60,,mythos_preview_multi
mythos_preview_multi_target_trem2_rank02,4,filter/refold,screen_refold,"In-loop refold screen (Protenix, 1 seed)",,"{'instrument': 'ptxv2', 'ipSAE': 0.749627, 'sc_DockQ': 0.561664}",lin_36bdadbf60,,mythos_preview_multi
mythos_preview_multi_target_trem2_rank02,5,optimization,predict_redesign,"Predict-and-redesign (co-fold complex, redesign sequence on predicted pose with MPNN-family model)",2.0,"{'redesign_on_prediction_from': 'ptxv2', 'round': 2, 'seq_model': 'SolubleMPNN', 'strategy': 'predict_redesign'}",lin_d22655d4c8,,mythos_preview_multi
mythos_preview_multi_target_trem2_rank02,6,filter/refold,screen_refold,"In-loop refold screen (Protenix, 1 seed)",,"{'instrument': 'ptxv2', 'ipSAE': 0.759754, 'sc_DockQ': 0.545452}",lin_d22655d4c8,,mythos_preview_multi
mythos_preview_multi_target_trem2_rank02,7,optimization,predict_redesign,"Predict-and-redesign (co-fold complex, redesign sequence on predicted pose with MPNN-family model)",3.0,"{'redesign_on_prediction_from': 'ptxv2', 'round': 3, 'seq_model': 'SolubleMPNN', 'strategy': 'predict_redesign'}",lin_ff76bfad2f,,mythos_preview_multi
mythos_preview_multi_target_trem2_rank02,8,filter/refold,screen_refold,"In-loop refold screen (Protenix, 1 seed)",,"{'instrument': 'ptxv2', 'ipSAE': 0.789946, 'sc_DockQ': 0.575345}",lin_ff76bfad2f,,mythos_preview_multi
mythos_preview_multi_target_trem2_rank02,9,filter/refold,final_ranking,"Final ranking gate (rank z-score across instruments, 5 seeds)",,"{'gate_instruments': ['ptxv2', 'ef2full', 'ef2fast'], 'ipSAE_ptxv2': 0.8794169107769467, 'sc_DockQ_ptxv2': 0.5672026563214043, 'selection_relaxation_step': None}",lin_0c22df8f30,,mythos_preview_multi
mythos_preview_multi_target_trem2_rank02,10,selection,selected_for_order,Selected for synthesis (rank 2 in Mythos Preview multi-target TREM2),,{'rank': 2},lin_0c22df8f30,,mythos_preview_multi
mythos_preview_multi_target_trem2_rank03,0,backbone_generation,rfdiffusion3,RFdiffusion3,,"{'generator': 'RFdiffusion3', 'class': 'diffusion', 'root_backbone_id': 'bb_5b5a79a849'}",bb_5b5a79a849,,mythos_preview_multi
mythos_preview_multi_target_trem2_rank03,1,sequence_design,solublempnn,SolubleMPNN,,{},bb_5b5a79a849,,mythos_preview_multi
mythos_preview_multi_target_trem2_rank03,2,filter/refold,screen_refold,"In-loop refold screen (Protenix, 1 seed)",,"{'instrument': 'ptxv2', 'ipSAE': 0.871864, 'sc_DockQ': 0.467772}",bb_5b5a79a849,,mythos_preview_multi
mythos_preview_multi_target_trem2_rank03,3,optimization,predict_redesign,"Predict-and-redesign (co-fold complex, redesign sequence on predicted pose with MPNN-family model)",1.0,"{'redesign_on_prediction_from': 'ptxv2', 'round': 1, 'seq_model': 'SolubleMPNN', 'strategy': 'predict_redesign'}",lin_3bc5cc9927,,mythos_preview_multi
mythos_preview_multi_target_trem2_rank03,4,filter/refold,screen_refold,"In-loop refold screen (Protenix, 1 seed)",,"{'instrument': 'ptxv2', 'ipSAE': 0.738637, 'sc_DockQ': 0.589967}",lin_3bc5cc9927,,mythos_preview_multi
mythos_preview_multi_target_trem2_rank03,5,optimization,predict_redesign,"Predict-and-redesign (co-fold complex, redesign sequence on predicted pose with MPNN-family model)",2.0,"{'redesign_on_prediction_from': 'ptxv2', 'round': 2, 'seq_model': 'SolubleMPNN', 'strategy': 'predict_redesign'}",lin_fa1179c97a,,mythos_preview_multi
mythos_preview_multi_target_trem2_rank03,6,filter/refold,screen_refold,"In-loop refold screen (Protenix, 1 seed)",,"{'instrument': 'ptxv2', 'ipSAE': 0.738096, 'sc_DockQ': 0.528718}",lin_fa1179c97a,,mythos_preview_multi
mythos_preview_multi_target_trem2_rank03,7,optimization,predict_redesign,"Predict-and-redesign (co-fold complex, redesign sequence on predicted pose with MPNN-family model)",3.0,"{'redesign_on_prediction_from': 'ptxv2', 'round': 3, 'seq_model': 'SolubleMPNN', 'strategy': 'predict_redesign'}",lin_af84e80ed6,,mythos_preview_multi
mythos_preview_multi_target_trem2_rank03,8,filter/refold,screen_refold,"In-loop refold screen (Protenix, 1 seed)",,"{'instrument': 'ptxv2', 'ipSAE': 0.783036, 'sc_DockQ': 0.561004}",lin_af84e80ed6,,mythos_preview_multi
mythos_preview_multi_target_trem2_rank03,9,filter/refold,final_ranking,"Final ranking gate (rank z-score across instruments, 5 seeds)",,"{'gate_instruments': ['ptxv2', 'ef2full', 'ef2fast'], 'ipSAE_ptxv2': 0.8789509773830959, 'sc_DockQ_ptxv2': 0.4924918684679265, 'selection_relaxation_step': None}",lin_461f8710c3,,mythos_preview_multi
mythos_preview_multi_target_trem2_rank03,10,selection,selected_for_order,Selected for synthesis (rank 3 in Mythos Preview multi-target TREM2),,{'rank': 3},lin_461f8710c3,,mythos_preview_multi
mythos_preview_multi_target_trem2_rank04,0,backbone_generation,rfdiffusion3,RFdiffusion3,,"{'generator': 'RFdiffusion3', 'class': 'diffusion', 'root_backbone_id': 'bb_828ba1735f'}",bb_828ba1735f,,mythos_preview_multi
mythos_preview_multi_target_trem2_rank04,1,sequence_design,solublempnn,SolubleMPNN,,{},bb_828ba1735f,,mythos_preview_multi
mythos_preview_multi_target_trem2_rank04,2,filter/refold,screen_refold,"In-loop refold screen (Protenix, 1 seed)",,"{'instrument': 'ptxv2', 'ipSAE': 0.859585, 'sc_DockQ': 0.546925}",bb_828ba1735f,,mythos_preview_multi
mythos_preview_multi_target_trem2_rank04,3,optimization,mutagenesis,Point-mutation scan + refold,1.0,"{'round': 1, 'strategy': 'mutagenesis'}",lin_74756f4c85,,mythos_preview_multi
mythos_preview_multi_target_trem2_rank04,4,filter/refold,screen_refold,"In-loop refold screen (Protenix, 1 seed)",,{'instrument': 'ptxv2'},lin_74756f4c85,,mythos_preview_multi
mythos_preview_multi_target_trem2_rank04,5,optimization,mutagenesis,Point-mutation scan + refold,2.0,"{'mutation': 'X19K', 'round': 2, 'strategy': 'mutagenesis'}",lin_7548103c76,,mythos_preview_multi
mythos_preview_multi_target_trem2_rank04,6,filter/refold,screen_refold,"In-loop refold screen (Protenix, 1 seed)",,"{'instrument': 'ptxv2', 'ipSAE': 0.734854, 'sc_DockQ': 0.613946}",lin_7548103c76,,mythos_preview_multi
mythos_preview_multi_target_trem2_rank04,7,optimization,mutagenesis,Point-mutation scan + refold,3.0,"{'round': 3, 'strategy': 'mutagenesis'}",lin_d41c47d121,,mythos_preview_multi
mythos_preview_multi_target_trem2_rank04,8,filter/refold,screen_refold,"In-loop refold screen (Protenix, 1 seed)",,"{'instrument': 'ptxv2', 'ipSAE': 0.736854, 'sc_DockQ': 0.718497}",lin_d41c47d121,,mythos_preview_multi
mythos_preview_multi_target_trem2_rank04,9,optimization,predict_redesign,"Predict-and-redesign (co-fold complex, redesign sequence on predicted pose with MPNN-family model)",4.0,"{'redesign_on_prediction_from': 'ptxv2', 'round': 4, 'seq_model': 'SolubleMPNN', 'strategy': 'predict_redesign'}",lin_b5c6faa6fc,,mythos_preview_multi
mythos_preview_multi_target_trem2_rank04,10,filter/refold,screen_refold,"In-loop refold screen (Protenix, 1 seed)",,"{'instrument': 'ptxv2', 'ipSAE': 0.757804, 'sc_DockQ': 0.656736}",lin_b5c6faa6fc,,mythos_preview_multi
mythos_preview_multi_target_trem2_rank04,11,filter/refold,final_ranking,"Final ranking gate (rank z-score across instruments, 5 seeds)",,"{'gate_instruments': ['ptxv2', 'ef2full', 'ef2fast'], 'ipSAE_ptxv2': 0.8795958597427557, 'sc_DockQ_ptxv2': 0.5066680177427663, 'selection_relaxation_step': None}",lin_059574d209,,mythos_preview_multi
mythos_preview_multi_target_trem2_rank04,12,selection,selected_for_order,Selected for synthesis (rank 4 in Mythos Preview multi-target TREM2),,{'rank': 4},lin_059574d209,,mythos_preview_multi
mythos_preview_multi_target_trem2_rank05,0,backbone_generation,rfdiffusion3,RFdiffusion3,,"{'generator': 'RFdiffusion3', 'class': 'diffusion', 'root_backbone_id': 'bb_828ba1735f'}",bb_828ba1735f,,mythos_preview_multi
mythos_preview_multi_target_trem2_rank05,1,sequence_design,solublempnn,SolubleMPNN,,{},bb_828ba1735f,,mythos_preview_multi
mythos_preview_multi_target_trem2_rank05,2,filter/refold,screen_refold,"In-loop refold screen (Protenix, 1 seed)",,"{'instrument': 'ptxv2', 'ipSAE': 0.856355, 'sc_DockQ': 0.563742}",bb_828ba1735f,,mythos_preview_multi
mythos_preview_multi_target_trem2_rank05,3,optimization,predict_redesign,"Predict-and-redesign (co-fold complex, redesign sequence on predicted pose with MPNN-family model)",1.0,"{'round': 1, 'seq_model': 'SolubleMPNN', 'strategy': 'predict_redesign'}",lin_74756f4c85,,mythos_preview_multi
mythos_preview_multi_target_trem2_rank05,4,filter/refold,screen_refold,"In-loop refold screen (Protenix, 1 seed)",,{'instrument': 'ptxv2'},lin_74756f4c85,,mythos_preview_multi
mythos_preview_multi_target_trem2_rank05,5,optimization,predict_redesign,"Predict-and-redesign (co-fold complex, redesign sequence on predicted pose with MPNN-family model)",2.0,"{'redesign_on_prediction_from': 'ptxv2', 'round': 2, 'seq_model': 'SolubleMPNN', 'strategy': 'predict_redesign'}",lin_7548103c76,,mythos_preview_multi
mythos_preview_multi_target_trem2_rank05,6,filter/refold,screen_refold,"In-loop refold screen (Protenix, 1 seed)",,{'instrument': 'ptxv2'},lin_7548103c76,,mythos_preview_multi
mythos_preview_multi_target_trem2_rank05,7,optimization,predict_redesign,"Predict-and-redesign (co-fold complex, redesign sequence on predicted pose with MPNN-family model)",3.0,"{'redesign_on_prediction_from': 'ptxv2', 'round': 3, 'seq_model': 'SolubleMPNN', 'strategy': 'predict_redesign'}",lin_d41c47d121,,mythos_preview_multi
mythos_preview_multi_target_trem2_rank05,8,filter/refold,screen_refold,"In-loop refold screen (Protenix, 1 seed)",,"{'instrument': 'ptxv2', 'ipSAE': 0.726237, 'sc_DockQ': 0.634971}",lin_d41c47d121,,mythos_preview_multi
mythos_preview_multi_target_trem2_rank05,9,optimization,predict_redesign,"Predict-and-redesign (co-fold complex, redesign sequence on predicted pose with MPNN-family model)",4.0,"{'redesign_on_prediction_from': 'ptxv2', 'round': 4, 'seq_model': 'SolubleMPNN', 'strategy': 'predict_redesign'}",lin_b5c6faa6fc,,mythos_preview_multi
mythos_preview_multi_target_trem2_rank05,10,filter/refold,screen_refold,"In-loop refold screen (Protenix, 1 seed)",,"{'instrument': 'ptxv2', 'ipSAE': 0.743482, 'sc_DockQ': 0.623193}",lin_b5c6faa6fc,,mythos_preview_multi
mythos_preview_multi_target_trem2_rank05,11,optimization,predict_redesign,"Predict-and-redesign (co-fold complex, redesign sequence on predicted pose with MPNN-family model)",5.0,"{'redesign_on_prediction_from': 'ptxv2', 'round': 5, 'seq_model': 'SolubleMPNN', 'strategy': 'predict_redesign'}",lin_4437f332ee,,mythos_preview_multi
mythos_preview_multi_target_trem2_rank05,12,filter/refold,screen_refold,"In-loop refold screen (Protenix, 1 seed)",,"{'instrument': 'ptxv2', 'ipSAE': 0.756907, 'sc_DockQ': 0.650876}",lin_4437f332ee,,mythos_preview_multi
mythos_preview_multi_target_trem2_rank05,13,optimization,predict_redesign,"Predict-and-redesign (co-fold complex, redesign sequence on predicted pose with MPNN-family model)",6.0,"{'redesign_on_prediction_from': 'ptxv2', 'round': 6, 'seq_model': 'SolubleMPNN', 'strategy': 'predict_redesign'}",lin_e89153bca4,,mythos_preview_multi
mythos_preview_multi_target_trem2_rank05,14,filter/refold,screen_refold,"In-loop refold screen (Protenix, 1 seed)",,"{'instrument': 'ptxv2', 'ipSAE': 0.770375, 'sc_DockQ': 0.622562}",lin_e89153bca4,,mythos_preview_multi
mythos_preview_multi_target_trem2_rank05,15,optimization,predict_redesign,"Predict-and-redesign (co-fold complex, redesign sequence on predicted pose with MPNN-family model)",7.0,"{'redesign_on_prediction_from': 'ptxv2', 'round': 7, 'seq_model': 'SolubleMPNN', 'strategy': 'predict_redesign'}",lin_dbee8823c3,,mythos_preview_multi
mythos_preview_multi_target_trem2_rank05,16,filter/refold,screen_refold,"In-loop refold screen (Protenix, 1 seed)",,"{'instrument': 'ptxv2', 'ipSAE': 0.752187, 'sc_DockQ': 0.703527}",lin_dbee8823c3,,mythos_preview_multi
mythos_preview_multi_target_trem2_rank05,17,filter/refold,final_ranking,"Final ranking gate (rank z-score across instruments, 5 seeds)",,"{'gate_instruments': ['ptxv2', 'ef2full', 'ef2fast'], 'ipSAE_ptxv2': 0.8562092126599891, 'sc_DockQ_ptxv2': 0.5352429192375443, 'selection_relaxation_step': None}",lin_9d05f5331a,,mythos_preview_multi
mythos_preview_multi_target_trem2_rank05,18,selection,selected_for_order,Selected for synthesis (rank 5 in Mythos Preview multi-target TREM2),,{'rank': 5},lin_9d05f5331a,,mythos_preview_multi
mythos_preview_multi_target_trem2_rank06,0,backbone_generation,boltzgen,BoltzGen,,"{'generator': 'BoltzGen', 'class': 'diffusion', 'root_backbone_id': 'bb_b808dbdadd'}",bb_b808dbdadd,,mythos_preview_multi
mythos_preview_multi_target_trem2_rank06,1,sequence_design,solublempnn,SolubleMPNN,,{},bb_b808dbdadd,,mythos_preview_multi
mythos_preview_multi_target_trem2_rank06,2,filter/refold,screen_refold,"In-loop refold screen (Protenix, 1 seed)",,"{'instrument': 'ptxv2', 'ipSAE': 0.843396, 'sc_DockQ': 0.419901}",bb_b808dbdadd,,mythos_preview_multi
mythos_preview_multi_target_trem2_rank06,3,optimization,predict_redesign,"Predict-and-redesign (co-fold complex, redesign sequence on predicted pose with MPNN-family model)",1.0,"{'redesign_on_prediction_from': 'ptxv2', 'round': 1, 'seq_model': 'SolubleMPNN', 'strategy': 'predict_redesign'}",lin_41161eaa41,,mythos_preview_multi
mythos_preview_multi_target_trem2_rank06,4,filter/refold,screen_refold,"In-loop refold screen (Protenix, 1 seed)",,"{'instrument': 'ptxv2', 'ipSAE': 0.641567, 'sc_DockQ': 0.644167}",lin_41161eaa41,,mythos_preview_multi
mythos_preview_multi_target_trem2_rank06,5,optimization,predict_redesign,"Predict-and-redesign (co-fold complex, redesign sequence on predicted pose with MPNN-family model)",2.0,"{'redesign_on_prediction_from': 'ptxv2', 'round': 2, 'seq_model': 'SolubleMPNN', 'strategy': 'predict_redesign'}",lin_60ff2b2525,,mythos_preview_multi
mythos_preview_multi_target_trem2_rank06,6,filter/refold,screen_refold,"In-loop refold screen (Protenix, 1 seed)",,"{'instrument': 'ptxv2', 'ipSAE': 0.731237, 'sc_DockQ': 0.519884}",lin_60ff2b2525,,mythos_preview_multi
mythos_preview_multi_target_trem2_rank06,7,optimization,predict_redesign,"Predict-and-redesign (co-fold complex, redesign sequence on predicted pose with MPNN-family model)",3.0,"{'redesign_on_prediction_from': 'ptxv2', 'round': 3, 'seq_model': 'SolubleMPNN', 'strategy': 'predict_redesign'}",lin_a918756e41,,mythos_preview_multi
mythos_preview_multi_target_trem2_rank06,8,filter/refold,screen_refold,"In-loop refold screen (Protenix, 1 seed)",,"{'instrument': 'ptxv2', 'ipSAE': 0.752868, 'sc_DockQ': 0.572581}",lin_a918756e41,,mythos_preview_multi
mythos_preview_multi_target_trem2_rank06,9,filter/refold,final_ranking,"Final ranking gate (rank z-score across instruments, 5 seeds)",,"{'gate_instruments': ['ptxv2', 'ef2full', 'ef2fast'], 'ipSAE_ptxv2': 0.84639074778427, 'sc_DockQ_ptxv2': 0.4624526112207266, 'selection_relaxation_step': None}",lin_ade701fa50,,mythos_preview_multi
mythos_preview_multi_target_trem2_rank06,10,selection,selected_for_order,Selected for synthesis (rank 6 in Mythos Preview multi-target TREM2),,{'rank': 6},lin_ade701fa50,,mythos_preview_multi
mythos_preview_multi_target_trem2_rank07,0,backbone_generation,rfdiffusion3,RFdiffusion3,,"{'generator': 'RFdiffusion3', 'class': 'diffusion', 'root_backbone_id': 'bb_5b5a79a849'}",bb_5b5a79a849,,mythos_preview_multi
mythos_preview_multi_target_trem2_rank07,1,sequence_design,solublempnn,SolubleMPNN,,{},bb_5b5a79a849,,mythos_preview_multi
mythos_preview_multi_target_trem2_rank07,2,filter/refold,screen_refold,"In-loop refold screen (Protenix, 1 seed)",,"{'instrument': 'ptxv2', 'ipSAE': 0.871864, 'sc_DockQ': 0.467772}",bb_5b5a79a849,,mythos_preview_multi
mythos_preview_multi_target_trem2_rank07,3,optimization,predict_redesign,"Predict-and-redesign (co-fold complex, redesign sequence on predicted pose with MPNN-family model)",1.0,"{'round': 1, 'seq_model': 'SolubleMPNN', 'strategy': 'predict_redesign'}",lin_3bc5cc9927,,mythos_preview_multi
mythos_preview_multi_target_trem2_rank07,4,filter/refold,screen_refold,"In-loop refold screen (Protenix, 1 seed)",,{'instrument': 'ptxv2'},lin_3bc5cc9927,,mythos_preview_multi
mythos_preview_multi_target_trem2_rank07,5,optimization,predict_redesign,"Predict-and-redesign (co-fold complex, redesign sequence on predicted pose with MPNN-family model)",2.0,"{'redesign_on_prediction_from': 'ptxv2', 'round': 2, 'seq_model': 'SolubleMPNN', 'strategy': 'predict_redesign'}",lin_fa1179c97a,,mythos_preview_multi
mythos_preview_multi_target_trem2_rank07,6,filter/refold,screen_refold,"In-loop refold screen (Protenix, 1 seed)",,"{'instrument': 'ptxv2', 'ipSAE': 0.738637, 'sc_DockQ': 0.589967}",lin_fa1179c97a,,mythos_preview_multi
mythos_preview_multi_target_trem2_rank07,7,optimization,predict_redesign,"Predict-and-redesign (co-fold complex, redesign sequence on predicted pose with MPNN-family model)",3.0,"{'redesign_on_prediction_from': 'ptxv2', 'round': 3, 'seq_model': 'SolubleMPNN', 'strategy': 'predict_redesign'}",lin_af84e80ed6,,mythos_preview_multi
mythos_preview_multi_target_trem2_rank07,8,filter/refold,screen_refold,"In-loop refold screen (Protenix, 1 seed)",,"{'instrument': 'ptxv2', 'ipSAE': 0.738096, 'sc_DockQ': 0.528718}",lin_af84e80ed6,,mythos_preview_multi
mythos_preview_multi_target_trem2_rank07,9,optimization,predict_redesign,"Predict-and-redesign (co-fold complex, redesign sequence on predicted pose with MPNN-family model)",4.0,"{'redesign_on_prediction_from': 'ptxv2', 'round': 4, 'seq_model': 'SolubleMPNN', 'strategy': 'predict_redesign'}",lin_a98746f5ea,,mythos_preview_multi
mythos_preview_multi_target_trem2_rank07,10,filter/refold,screen_refold,"In-loop refold screen (Protenix, 1 seed)",,"{'instrument': 'ptxv2', 'ipSAE': 0.7691, 'sc_DockQ': 0.548927}",lin_a98746f5ea,,mythos_preview_multi
mythos_preview_multi_target_trem2_rank07,11,optimization,predict_redesign,"Predict-and-redesign (co-fold complex, redesign sequence on predicted pose with MPNN-family model)",5.0,"{'redesign_on_prediction_from': 'ptxv2', 'round': 5, 'seq_model': 'SolubleMPNN', 'strategy': 'predict_redesign'}",lin_5beac4909b,,mythos_preview_multi
mythos_preview_multi_target_trem2_rank07,12,filter/refold,screen_refold,"In-loop refold screen (Protenix, 1 seed)",,"{'instrument': 'ptxv2', 'ipSAE': 0.760148, 'sc_DockQ': 0.536425}",lin_5beac4909b,,mythos_preview_multi
mythos_preview_multi_target_trem2_rank07,13,filter/refold,final_ranking,"Final ranking gate (rank z-score across instruments, 5 seeds)",,"{'gate_instruments': ['ptxv2', 'ef2full', 'ef2fast'], 'ipSAE_ptxv2': 0.8699151106676021, 'sc_DockQ_ptxv2': 0.5259902041933741, 'selection_relaxation_step': None}",lin_0f283ced30,,mythos_preview_multi
mythos_preview_multi_target_trem2_rank07,14,selection,selected_for_order,Selected for synthesis (rank 7 in Mythos Preview multi-target TREM2),,{'rank': 7},lin_0f283ced30,,mythos_preview_multi
mythos_preview_multi_target_trem2_rank08,0,backbone_generation,freebindcraft,FreeBindCraft (BindCraft),,"{'generator': 'FreeBindCraft (BindCraft)', 'class': 'hallucination/AF2-based', 'root_backbone_id': 'bb_27df7dd200'}",bb_27df7dd200,,mythos_preview_multi
mythos_preview_multi_target_trem2_rank08,1,sequence_design,solublempnn,SolubleMPNN,,{},bb_27df7dd200,,mythos_preview_multi
mythos_preview_multi_target_trem2_rank08,2,filter/refold,screen_refold,"In-loop refold screen (Protenix, 1 seed)",,"{'instrument': 'ptxv2', 'ipSAE': 0.883499, 'sc_DockQ': 0.426441}",bb_27df7dd200,,mythos_preview_multi
mythos_preview_multi_target_trem2_rank08,3,optimization,predict_redesign,"Predict-and-redesign (co-fold complex, redesign sequence on predicted pose with MPNN-family model)",1.0,"{'redesign_on_prediction_from': 'ptxv2', 'round': 1, 'seq_model': 'SolubleMPNN', 'strategy': 'predict_redesign'}",lin_a3f84d5cac,,mythos_preview_multi
mythos_preview_multi_target_trem2_rank08,4,filter/refold,screen_refold,"In-loop refold screen (Protenix, 1 seed)",,"{'instrument': 'ptxv2', 'ipSAE': 0.739832, 'sc_DockQ': 0.563893}",lin_a3f84d5cac,,mythos_preview_multi
mythos_preview_multi_target_trem2_rank08,5,optimization,predict_redesign,"Predict-and-redesign (co-fold complex, redesign sequence on predicted pose with MPNN-family model)",2.0,"{'redesign_on_prediction_from': 'ptxv2', 'round': 2, 'seq_model': 'SolubleMPNN', 'strategy': 'predict_redesign'}",lin_a26ecd08f5,,mythos_preview_multi
mythos_preview_multi_target_trem2_rank08,6,filter/refold,screen_refold,"In-loop refold screen (Protenix, 1 seed)",,"{'instrument': 'ptxv2', 'ipSAE': 0.754066, 'sc_DockQ': 0.620223}",lin_a26ecd08f5,,mythos_preview_multi
mythos_preview_multi_target_trem2_rank08,7,optimization,mutagenesis,Point-mutation scan + refold,3.0,"{'mutation': 'X05Q', 'round': 3, 'strategy': 'mutagenesis'}",lin_06214a68b4,,mythos_preview_multi
mythos_preview_multi_target_trem2_rank08,8,filter/refold,screen_refold,"In-loop refold screen (Protenix, 1 seed)",,"{'instrument': 'ptxv2', 'ipSAE': 0.754283, 'sc_DockQ': 0.61514}",lin_06214a68b4,,mythos_preview_multi
mythos_preview_multi_target_trem2_rank08,9,filter/refold,final_ranking,"Final ranking gate (rank z-score across instruments, 5 seeds)",,"{'gate_instruments': ['ptxv2', 'ef2full', 'ef2fast'], 'ipSAE_ptxv2': 0.8804759761047707, 'sc_DockQ_ptxv2': 0.5237670659265842, 'selection_relaxation_step': None}",lin_ae85085d98,,mythos_preview_multi
mythos_preview_multi_target_trem2_rank08,10,selection,selected_for_order,Selected for synthesis (rank 8 in Mythos Preview multi-target TREM2),,{'rank': 8},lin_ae85085d98,,mythos_preview_multi
mythos_preview_multi_target_trem2_rank09,0,backbone_generation,boltzgen,BoltzGen,,"{'generator': 'BoltzGen', 'class': 'diffusion', 'root_backbone_id': 'bb_b808dbdadd'}",bb_b808dbdadd,,mythos_preview_multi
mythos_preview_multi_target_trem2_rank09,1,sequence_design,solublempnn,SolubleMPNN,,{},bb_b808dbdadd,,mythos_preview_multi
mythos_preview_multi_target_trem2_rank09,2,filter/refold,screen_refold,"In-loop refold screen (Protenix, 1 seed)",,"{'instrument': 'ptxv2', 'ipSAE': 0.843396, 'sc_DockQ': 0.419901}",bb_b808dbdadd,,mythos_preview_multi
mythos_preview_multi_target_trem2_rank09,3,optimization,predict_redesign,"Predict-and-redesign (co-fold complex, redesign sequence on predicted pose with MPNN-family model)",1.0,"{'redesign_on_prediction_from': 'ptxv2', 'round': 1, 'seq_model': 'SolubleMPNN', 'strategy': 'predict_redesign'}",lin_41161eaa41,,mythos_preview_multi
mythos_preview_multi_target_trem2_rank09,4,filter/refold,screen_refold,"In-loop refold screen (Protenix, 1 seed)",,"{'instrument': 'ptxv2', 'ipSAE': 0.641567, 'sc_DockQ': 0.644167}",lin_41161eaa41,,mythos_preview_multi
mythos_preview_multi_target_trem2_rank09,5,optimization,predict_redesign,"Predict-and-redesign (co-fold complex, redesign sequence on predicted pose with MPNN-family model)",2.0,"{'redesign_on_prediction_from': 'ptxv2', 'round': 2, 'seq_model': 'SolubleMPNN', 'strategy': 'predict_redesign'}",lin_60ff2b2525,,mythos_preview_multi
mythos_preview_multi_target_trem2_rank09,6,filter/refold,screen_refold,"In-loop refold screen (Protenix, 1 seed)",,"{'instrument': 'ptxv2', 'ipSAE': 0.731237, 'sc_DockQ': 0.519884}",lin_60ff2b2525,,mythos_preview_multi
mythos_preview_multi_target_trem2_rank09,7,optimization,predict_redesign,"Predict-and-redesign (co-fold complex, redesign sequence on predicted pose with MPNN-family model)",3.0,"{'redesign_on_prediction_from': 'ptxv2', 'round': 3, 'seq_model': 'SolubleMPNN', 'strategy': 'predict_redesign'}",lin_a918756e41,,mythos_preview_multi
mythos_preview_multi_target_trem2_rank09,8,filter/refold,screen_refold,"In-loop refold screen (Protenix, 1 seed)",,"{'instrument': 'ptxv2', 'ipSAE': 0.756892, 'sc_DockQ': 0.49957}",lin_a918756e41,,mythos_preview_multi
mythos_preview_multi_target_trem2_rank09,9,filter/refold,final_ranking,"Final ranking gate (rank z-score across instruments, 5 seeds)",,"{'gate_instruments': ['ptxv2', 'ef2full', 'ef2fast'], 'ipSAE_ptxv2': 0.8500771991368341, 'sc_DockQ_ptxv2': 0.5082535622056209, 'selection_relaxation_step': None}",lin_84e5448d15,,mythos_preview_multi
mythos_preview_multi_target_trem2_rank09,10,selection,selected_for_order,Selected for synthesis (rank 9 in Mythos Preview multi-target TREM2),,{'rank': 9},lin_84e5448d15,,mythos_preview_multi
mythos_preview_multi_target_trem2_rank10,0,backbone_generation,freebindcraft,FreeBindCraft (BindCraft),,"{'generator': 'FreeBindCraft (BindCraft)', 'class': 'hallucination/AF2-based', 'root_backbone_id': 'bb_27df7dd200'}",bb_27df7dd200,,mythos_preview_multi
mythos_preview_multi_target_trem2_rank10,1,sequence_design,solublempnn,SolubleMPNN,,{},bb_27df7dd200,,mythos_preview_multi
mythos_preview_multi_target_trem2_rank10,2,filter/refold,screen_refold,"In-loop refold screen (Protenix, 1 seed)",,"{'instrument': 'ptxv2', 'ipSAE': 0.874803, 'sc_DockQ': 0.621221}",bb_27df7dd200,,mythos_preview_multi
mythos_preview_multi_target_trem2_rank10,3,optimization,predict_redesign,"Predict-and-redesign (co-fold complex, redesign sequence on predicted pose with MPNN-family model)",1.0,"{'redesign_on_prediction_from': 'ptxv2', 'round': 1, 'seq_model': 'SolubleMPNN', 'strategy': 'predict_redesign'}",lin_a3f84d5cac,,mythos_preview_multi
mythos_preview_multi_target_trem2_rank10,4,filter/refold,screen_refold,"In-loop refold screen (Protenix, 1 seed)",,"{'instrument': 'ptxv2', 'ipSAE': 0.724732, 'sc_DockQ': 0.56943}",lin_a3f84d5cac,,mythos_preview_multi
mythos_preview_multi_target_trem2_rank10,5,optimization,predict_redesign,"Predict-and-redesign (co-fold complex, redesign sequence on predicted pose with MPNN-family model)",2.0,"{'redesign_on_prediction_from': 'ptxv2', 'round': 2, 'seq_model': 'SolubleMPNN', 'strategy': 'predict_redesign'}",lin_a26ecd08f5,,mythos_preview_multi
mythos_preview_multi_target_trem2_rank10,6,filter/refold,screen_refold,"In-loop refold screen (Protenix, 1 seed)",,"{'instrument': 'ptxv2', 'ipSAE': 0.73904, 'sc_DockQ': 0.575469}",lin_a26ecd08f5,,mythos_preview_multi
mythos_preview_multi_target_trem2_rank10,7,optimization,predict_redesign,"Predict-and-redesign (co-fold complex, redesign sequence on predicted pose with MPNN-family model)",3.0,"{'redesign_on_prediction_from': 'ptxv2', 'round': 3, 'seq_model': 'SolubleMPNN', 'strategy': 'predict_redesign'}",lin_06214a68b4,,mythos_preview_multi
mythos_preview_multi_target_trem2_rank10,8,filter/refold,screen_refold,"In-loop refold screen (Protenix, 1 seed)",,"{'instrument': 'ptxv2', 'ipSAE': 0.752191, 'sc_DockQ': 0.527813}",lin_06214a68b4,,mythos_preview_multi
mythos_preview_multi_target_trem2_rank10,9,filter/refold,final_ranking,"Final ranking gate (rank z-score across instruments, 5 seeds)",,"{'gate_instruments': ['ptxv2', 'ef2full', 'ef2fast'], 'ipSAE_ptxv2': 0.8732601480969753, 'sc_DockQ_ptxv2': 0.5331069961701776, 'selection_relaxation_step': None}",lin_5ae082a4b4,,mythos_preview_multi
mythos_preview_multi_target_trem2_rank10,10,selection,selected_for_order,Selected for synthesis (rank 10 in Mythos Preview multi-target TREM2),,{'rank': 10},lin_5ae082a4b4,,mythos_preview_multi
mythos_preview_multi_target_trem2_rank11,0,backbone_generation,freebindcraft,FreeBindCraft (BindCraft),,"{'generator': 'FreeBindCraft (BindCraft)', 'class': 'hallucination/AF2-based', 'root_backbone_id': 'bb_bfaed77db0'}",bb_bfaed77db0,,mythos_preview_multi
mythos_preview_multi_target_trem2_rank11,1,sequence_design,solublempnn,SolubleMPNN,,{},bb_bfaed77db0,,mythos_preview_multi
mythos_preview_multi_target_trem2_rank11,2,filter/refold,screen_refold,"In-loop refold screen (Protenix, 1 seed)",,"{'instrument': 'ptxv2', 'ipSAE': 0.819773, 'sc_DockQ': 0.420357}",bb_bfaed77db0,,mythos_preview_multi
mythos_preview_multi_target_trem2_rank11,3,optimization,predict_redesign,"Predict-and-redesign (co-fold complex, redesign sequence on predicted pose with MPNN-family model)",1.0,"{'redesign_on_prediction_from': 'ptxv2', 'round': 1, 'seq_model': 'SolubleMPNN', 'strategy': 'predict_redesign'}",lin_ccfa3fc762,,mythos_preview_multi
mythos_preview_multi_target_trem2_rank11,4,filter/refold,screen_refold,"In-loop refold screen (Protenix, 1 seed)",,"{'instrument': 'ptxv2', 'ipSAE': 0.644894, 'sc_DockQ': 0.685918}",lin_ccfa3fc762,,mythos_preview_multi
mythos_preview_multi_target_trem2_rank11,5,optimization,predict_redesign,"Predict-and-redesign (co-fold complex, redesign sequence on predicted pose with MPNN-family model)",2.0,"{'redesign_on_prediction_from': 'ptxv2', 'round': 2, 'seq_model': 'SolubleMPNN', 'strategy': 'predict_redesign'}",lin_8aad669e45,,mythos_preview_multi
mythos_preview_multi_target_trem2_rank11,6,filter/refold,screen_refold,"In-loop refold screen (Protenix, 1 seed)",,"{'instrument': 'ptxv2', 'ipSAE': 0.718007, 'sc_DockQ': 0.549448}",lin_8aad669e45,,mythos_preview_multi
mythos_preview_multi_target_trem2_rank11,7,optimization,predict_redesign,"Predict-and-redesign (co-fold complex, redesign sequence on predicted pose with MPNN-family model)",3.0,"{'redesign_on_prediction_from': 'ptxv2', 'round': 3, 'seq_model': 'SolubleMPNN', 'strategy': 'predict_redesign'}",lin_91b7c6eb2e,,mythos_preview_multi
mythos_preview_multi_target_trem2_rank11,8,filter/refold,screen_refold,"In-loop refold screen (Protenix, 1 seed)",,"{'instrument': 'ptxv2', 'ipSAE': 0.75407, 'sc_DockQ': 0.579996}",lin_91b7c6eb2e,,mythos_preview_multi
mythos_preview_multi_target_trem2_rank11,9,filter/refold,final_ranking,"Final ranking gate (rank z-score across instruments, 5 seeds)",,"{'gate_instruments': ['ptxv2', 'ef2full', 'ef2fast'], 'ipSAE_ptxv2': 0.8746699563037957, 'sc_DockQ_ptxv2': 0.4959425684469909, 'selection_relaxation_step': None}",lin_45c48bfcf4,,mythos_preview_multi
mythos_preview_multi_target_trem2_rank11,10,selection,selected_for_order,Selected for synthesis (rank 11 in Mythos Preview multi-target TREM2),,{'rank': 11},lin_45c48bfcf4,,mythos_preview_multi
mythos_preview_multi_target_trem2_rank12,0,backbone_generation,freebindcraft,FreeBindCraft (BindCraft),,"{'generator': 'FreeBindCraft (BindCraft)', 'class': 'hallucination/AF2-based', 'root_backbone_id': 'bb_d3f3907247'}",bb_d3f3907247,,mythos_preview_multi
mythos_preview_multi_target_trem2_rank12,1,sequence_design,solublempnn,SolubleMPNN,,{},bb_d3f3907247,,mythos_preview_multi
mythos_preview_multi_target_trem2_rank12,2,filter/refold,screen_refold,"In-loop refold screen (Protenix, 1 seed)",,"{'instrument': 'ptxv2', 'ipSAE': 0.708448, 'sc_DockQ': 0.613619}",bb_d3f3907247,,mythos_preview_multi
mythos_preview_multi_target_trem2_rank12,3,filter/refold,final_ranking,"Final ranking gate (rank z-score across instruments, 5 seeds)",,"{'gate_instruments': ['ptxv2', 'ef2full', 'ef2fast'], 'ipSAE_ptxv2': 0.8403482008203514, 'sc_DockQ_ptxv2': 0.9389540531692164, 'selection_relaxation_step': None}",lin_3d12693103,,mythos_preview_multi
mythos_preview_multi_target_trem2_rank12,4,selection,selected_for_order,Selected for synthesis (rank 12 in Mythos Preview multi-target TREM2),,{'rank': 12},lin_3d12693103,,mythos_preview_multi
mythos_preview_multi_target_trem2_rank13,0,backbone_generation,freebindcraft,FreeBindCraft (BindCraft),,"{'generator': 'FreeBindCraft (BindCraft)', 'class': 'hallucination/AF2-based', 'root_backbone_id': 'bb_309539093b'}",bb_309539093b,,mythos_preview_multi
mythos_preview_multi_target_trem2_rank13,1,sequence_design,solublempnn,SolubleMPNN,,{},bb_309539093b,,mythos_preview_multi
mythos_preview_multi_target_trem2_rank13,2,filter/refold,screen_refold,"In-loop refold screen (Protenix, 1 seed)",,"{'instrument': 'ptxv2', 'ipSAE': 0.850881, 'sc_DockQ': 0.640316}",bb_309539093b,,mythos_preview_multi
mythos_preview_multi_target_trem2_rank13,3,optimization,predict_redesign,"Predict-and-redesign (co-fold complex, redesign sequence on predicted pose with MPNN-family model)",1.0,"{'redesign_on_prediction_from': 'ptxv2', 'round': 1, 'seq_model': 'SolubleMPNN', 'strategy': 'predict_redesign'}",lin_231fd6b1b4,,mythos_preview_multi
mythos_preview_multi_target_trem2_rank13,4,filter/refold,screen_refold,"In-loop refold screen (Protenix, 1 seed)",,"{'instrument': 'ptxv2', 'ipSAE': 0.730365, 'sc_DockQ': 0.63925}",lin_231fd6b1b4,,mythos_preview_multi
mythos_preview_multi_target_trem2_rank13,5,optimization,predict_redesign,"Predict-and-redesign (co-fold complex, redesign sequence on predicted pose with MPNN-family model)",2.0,"{'redesign_on_prediction_from': 'ptxv2', 'round': 2, 'seq_model': 'SolubleMPNN', 'strategy': 'predict_redesign'}",lin_8c48ed1502,,mythos_preview_multi
mythos_preview_multi_target_trem2_rank13,6,filter/refold,screen_refold,"In-loop refold screen (Protenix, 1 seed)",,"{'instrument': 'ptxv2', 'ipSAE': 0.743257, 'sc_DockQ': 0.582588}",lin_8c48ed1502,,mythos_preview_multi
mythos_preview_multi_target_trem2_rank13,7,optimization,predict_redesign,"Predict-and-redesign (co-fold complex, redesign sequence on predicted pose with MPNN-family model)",3.0,"{'redesign_on_prediction_from': 'ptxv2', 'round': 3, 'seq_model': 'SolubleMPNN', 'strategy': 'predict_redesign'}",lin_be89858f61,,mythos_preview_multi
mythos_preview_multi_target_trem2_rank13,8,filter/refold,screen_refold,"In-loop refold screen (Protenix, 1 seed)",,"{'instrument': 'ptxv2', 'ipSAE': 0.718608, 'sc_DockQ': 0.617848}",lin_be89858f61,,mythos_preview_multi
mythos_preview_multi_target_trem2_rank13,9,filter/refold,final_ranking,"Final ranking gate (rank z-score across instruments, 5 seeds)",,"{'gate_instruments': ['ptxv2', 'ef2full', 'ef2fast'], 'ipSAE_ptxv2': 0.8633767103250325, 'sc_DockQ_ptxv2': 0.3949909899899503, 'selection_relaxation_step': None}",lin_fbafc874fa,,mythos_preview_multi
mythos_preview_multi_target_trem2_rank13,10,selection,selected_for_order,Selected for synthesis (rank 13 in Mythos Preview multi-target TREM2),,{'rank': 13},lin_fbafc874fa,,mythos_preview_multi
mythos_preview_multi_target_trem2_rank14,0,backbone_generation,freebindcraft,FreeBindCraft (BindCraft),,"{'generator': 'FreeBindCraft (BindCraft)', 'class': 'hallucination/AF2-based', 'root_backbone_id': 'bb_bfaed77db0'}",bb_bfaed77db0,,mythos_preview_multi
mythos_preview_multi_target_trem2_rank14,1,sequence_design,solublempnn,SolubleMPNN,,{},bb_bfaed77db0,,mythos_preview_multi
mythos_preview_multi_target_trem2_rank14,2,filter/refold,screen_refold,"In-loop refold screen (Protenix, 1 seed)",,"{'instrument': 'ptxv2', 'ipSAE': 0.819773, 'sc_DockQ': 0.420357}",bb_bfaed77db0,,mythos_preview_multi
mythos_preview_multi_target_trem2_rank14,3,optimization,predict_redesign,"Predict-and-redesign (co-fold complex, redesign sequence on predicted pose with MPNN-family model)",1.0,"{'redesign_on_prediction_from': 'ptxv2', 'round': 1, 'seq_model': 'SolubleMPNN', 'strategy': 'predict_redesign'}",lin_ccfa3fc762,,mythos_preview_multi
mythos_preview_multi_target_trem2_rank14,4,filter/refold,screen_refold,"In-loop refold screen (Protenix, 1 seed)",,{'instrument': 'ptxv2'},lin_ccfa3fc762,,mythos_preview_multi
mythos_preview_multi_target_trem2_rank14,5,optimization,predict_redesign,"Predict-and-redesign (co-fold complex, redesign sequence on predicted pose with MPNN-family model)",2.0,"{'redesign_on_prediction_from': 'ptxv2', 'round': 2, 'seq_model': 'SolubleMPNN', 'strategy': 'predict_redesign'}",lin_8aad669e45,,mythos_preview_multi
mythos_preview_multi_target_trem2_rank14,6,filter/refold,screen_refold,"In-loop refold screen (Protenix, 1 seed)",,"{'instrument': 'ptxv2', 'ipSAE': 0.644894, 'sc_DockQ': 0.685918}",lin_8aad669e45,,mythos_preview_multi
mythos_preview_multi_target_trem2_rank14,7,optimization,predict_redesign,"Predict-and-redesign (co-fold complex, redesign sequence on predicted pose with MPNN-family model)",3.0,"{'redesign_on_prediction_from': 'ptxv2', 'round': 3, 'seq_model': 'SolubleMPNN', 'strategy': 'predict_redesign'}",lin_91b7c6eb2e,,mythos_preview_multi
mythos_preview_multi_target_trem2_rank14,8,filter/refold,screen_refold,"In-loop refold screen (Protenix, 1 seed)",,"{'instrument': 'ptxv2', 'ipSAE': 0.718007, 'sc_DockQ': 0.549448}",lin_91b7c6eb2e,,mythos_preview_multi
mythos_preview_multi_target_trem2_rank14,9,optimization,predict_redesign,"Predict-and-redesign (co-fold complex, redesign sequence on predicted pose with MPNN-family model)",4.0,"{'redesign_on_prediction_from': 'ptxv2', 'round': 4, 'seq_model': 'SolubleMPNN', 'strategy': 'predict_redesign'}",lin_3547624908,,mythos_preview_multi
mythos_preview_multi_target_trem2_rank14,10,filter/refold,screen_refold,"In-loop refold screen (Protenix, 1 seed)",,"{'instrument': 'ptxv2', 'ipSAE': 0.732456, 'sc_DockQ': 0.583852}",lin_3547624908,,mythos_preview_multi
mythos_preview_multi_target_trem2_rank14,11,optimization,predict_redesign,"Predict-and-redesign (co-fold complex, redesign sequence on predicted pose with MPNN-family model)",5.0,"{'redesign_on_prediction_from': 'ptxv2', 'round': 5, 'seq_model': 'SolubleMPNN', 'strategy': 'predict_redesign'}",lin_2b8fd89923,,mythos_preview_multi
mythos_preview_multi_target_trem2_rank14,12,filter/refold,screen_refold,"In-loop refold screen (Protenix, 1 seed)",,"{'instrument': 'ptxv2', 'ipSAE': 0.759829, 'sc_DockQ': 0.6133}",lin_2b8fd89923,,mythos_preview_multi
mythos_preview_multi_target_trem2_rank14,13,optimization,predict_redesign,"Predict-and-redesign (co-fold complex, redesign sequence on predicted pose with MPNN-family model)",6.0,"{'redesign_on_prediction_from': 'ptxv2', 'round': 6, 'seq_model': 'SolubleMPNN', 'strategy': 'predict_redesign'}",lin_60f84f86cf,,mythos_preview_multi
mythos_preview_multi_target_trem2_rank14,14,filter/refold,screen_refold,"In-loop refold screen (Protenix, 1 seed)",,"{'instrument': 'ptxv2', 'ipSAE': 0.699052, 'sc_DockQ': 0.711185}",lin_60f84f86cf,,mythos_preview_multi
mythos_preview_multi_target_trem2_rank14,15,optimization,mutagenesis,Point-mutation scan + refold,7.0,"{'mutation': 'X47V', 'round': 7, 'strategy': 'mutagenesis'}",lin_9a7845a03a,,mythos_preview_multi
mythos_preview_multi_target_trem2_rank14,16,filter/refold,screen_refold,"In-loop refold screen (Protenix, 1 seed)",,"{'instrument': 'ptxv2', 'ipSAE': 0.725002, 'sc_DockQ': 0.735774}",lin_9a7845a03a,,mythos_preview_multi
mythos_preview_multi_target_trem2_rank14,17,optimization,mutagenesis,Point-mutation scan + refold,8.0,"{'mutation': 'X50V', 'round': 8, 'strategy': 'mutagenesis'}",lin_223b500a87,,mythos_preview_multi
mythos_preview_multi_target_trem2_rank14,18,filter/refold,screen_refold,"In-loop refold screen (Protenix, 1 seed)",,"{'instrument': 'ptxv2', 'ipSAE': 0.756228, 'sc_DockQ': 0.56998}",lin_223b500a87,,mythos_preview_multi
mythos_preview_multi_target_trem2_rank14,19,filter/refold,final_ranking,"Final ranking gate (rank z-score across instruments, 5 seeds)",,"{'gate_instruments': ['ptxv2', 'ef2full', 'ef2fast'], 'ipSAE_ptxv2': 0.8801631927678549, 'sc_DockQ_ptxv2': 0.5496983024446452, 'selection_relaxation_step': None}",lin_62b4955cc7,,mythos_preview_multi
mythos_preview_multi_target_trem2_rank14,20,selection,selected_for_order,Selected for synthesis (rank 14 in Mythos Preview multi-target TREM2),,{'rank': 14},lin_62b4955cc7,,mythos_preview_multi
mythos_preview_multi_target_trem2_rank15,0,backbone_generation,freebindcraft,FreeBindCraft (BindCraft),,"{'generator': 'FreeBindCraft (BindCraft)', 'class': 'hallucination/AF2-based', 'root_backbone_id': 'bb_3ca0e3542f'}",bb_3ca0e3542f,,mythos_preview_multi
mythos_preview_multi_target_trem2_rank15,1,sequence_design,solublempnn,SolubleMPNN,,{},bb_3ca0e3542f,,mythos_preview_multi
mythos_preview_multi_target_trem2_rank15,2,filter/refold,screen_refold,"In-loop refold screen (Protenix, 1 seed)",,"{'instrument': 'ptxv2', 'ipSAE': 0.708371, 'sc_DockQ': 0.565312}",bb_3ca0e3542f,,mythos_preview_multi
mythos_preview_multi_target_trem2_rank15,3,optimization,predict_redesign,"Predict-and-redesign (co-fold complex, redesign sequence on predicted pose with MPNN-family model)",1.0,"{'redesign_on_prediction_from': 'ptxv2', 'round': 1, 'seq_model': 'SolubleMPNN', 'strategy': 'predict_redesign'}",lin_d887d27d31,,mythos_preview_multi
mythos_preview_multi_target_trem2_rank15,4,filter/refold,screen_refold,"In-loop refold screen (Protenix, 1 seed)",,"{'instrument': 'ptxv2', 'ipSAE': 0.723459, 'sc_DockQ': 0.530858}",lin_d887d27d31,,mythos_preview_multi
mythos_preview_multi_target_trem2_rank15,5,filter/refold,final_ranking,"Final ranking gate (rank z-score across instruments, 5 seeds)",,"{'gate_instruments': ['ptxv2', 'ef2full', 'ef2fast'], 'ipSAE_ptxv2': 0.8828973860290319, 'sc_DockQ_ptxv2': 0.5428989185953147, 'selection_relaxation_step': None}",lin_611d1295f8,,mythos_preview_multi
mythos_preview_multi_target_trem2_rank15,6,selection,selected_for_order,Selected for synthesis (rank 15 in Mythos Preview multi-target TREM2),,{'rank': 15},lin_611d1295f8,,mythos_preview_multi
mythos_preview_multi_target_trem2_rank16,0,backbone_generation,rfdiffusion3,RFdiffusion3,,"{'generator': 'RFdiffusion3', 'class': 'diffusion', 'root_backbone_id': 'bb_4b141e693d'}",bb_4b141e693d,,mythos_preview_multi
mythos_preview_multi_target_trem2_rank16,1,sequence_design,solublempnn,SolubleMPNN,,{},bb_4b141e693d,,mythos_preview_multi
mythos_preview_multi_target_trem2_rank16,2,filter/refold,screen_refold,"In-loop refold screen (Protenix, 1 seed)",,"{'instrument': 'ptxv2', 'ipSAE': 0.699417, 'sc_DockQ': 0.606325}",bb_4b141e693d,,mythos_preview_multi
mythos_preview_multi_target_trem2_rank16,3,filter/refold,final_ranking,"Final ranking gate (rank z-score across instruments, 5 seeds)",,"{'gate_instruments': ['ptxv2', 'ef2full', 'ef2fast'], 'ipSAE_ptxv2': 0.8407486699611937, 'sc_DockQ_ptxv2': 0.6071364373097102, 'selection_relaxation_step': None}",lin_193c94471e,,mythos_preview_multi
mythos_preview_multi_target_trem2_rank16,4,selection,selected_for_order,Selected for synthesis (rank 16 in Mythos Preview multi-target TREM2),,{'rank': 16},lin_193c94471e,,mythos_preview_multi
mythos_preview_multi_target_trem2_rank17,0,backbone_generation,freebindcraft,FreeBindCraft (BindCraft),,"{'generator': 'FreeBindCraft (BindCraft)', 'class': 'hallucination/AF2-based', 'root_backbone_id': 'bb_7feb28342c'}",bb_7feb28342c,,mythos_preview_multi
mythos_preview_multi_target_trem2_rank17,1,sequence_design,solublempnn,SolubleMPNN,,{},bb_7feb28342c,,mythos_preview_multi
mythos_preview_multi_target_trem2_rank17,2,filter/refold,screen_refold,"In-loop refold screen (Protenix, 1 seed)",,"{'instrument': 'ptxv2', 'ipSAE': 0.693601, 'sc_DockQ': 0.567517}",bb_7feb28342c,,mythos_preview_multi
mythos_preview_multi_target_trem2_rank17,3,filter/refold,final_ranking,"Final ranking gate (rank z-score across instruments, 5 seeds)",,"{'gate_instruments': ['ptxv2', 'ef2full', 'ef2fast'], 'ipSAE_ptxv2': 0.8661849623382499, 'sc_DockQ_ptxv2': 0.6684434459056976, 'selection_relaxation_step': None}",lin_0956ca274a,,mythos_preview_multi
mythos_preview_multi_target_trem2_rank17,4,selection,selected_for_order,Selected for synthesis (rank 17 in Mythos Preview multi-target TREM2),,{'rank': 17},lin_0956ca274a,,mythos_preview_multi
mythos_preview_multi_target_trem2_rank18,0,backbone_generation,freebindcraft,FreeBindCraft (BindCraft),,"{'generator': 'FreeBindCraft (BindCraft)', 'class': 'hallucination/AF2-based', 'root_backbone_id': 'bb_40095afce7'}",bb_40095afce7,,mythos_preview_multi
mythos_preview_multi_target_trem2_rank18,1,sequence_design,solublempnn,SolubleMPNN,,{},bb_40095afce7,,mythos_preview_multi
mythos_preview_multi_target_trem2_rank18,2,filter/refold,screen_refold,"In-loop refold screen (Protenix, 1 seed)",,"{'instrument': 'ptxv2', 'ipSAE': 0.706588, 'sc_DockQ': 0.561151}",bb_40095afce7,,mythos_preview_multi
mythos_preview_multi_target_trem2_rank18,3,filter/refold,final_ranking,"Final ranking gate (rank z-score across instruments, 5 seeds)",,"{'gate_instruments': ['ptxv2', 'ef2full', 'ef2fast'], 'ipSAE_ptxv2': 0.8592781452648579, 'sc_DockQ_ptxv2': 0.5934927772386306, 'selection_relaxation_step': None}",lin_651750b977,,mythos_preview_multi
mythos_preview_multi_target_trem2_rank18,4,selection,selected_for_order,Selected for synthesis (rank 18 in Mythos Preview multi-target TREM2),,{'rank': 18},lin_651750b977,,mythos_preview_multi
mythos_preview_multi_target_trem2_rank19,0,backbone_generation,pxdesign,PXDesign,,"{'generator': 'PXDesign', 'class': 'diffusion', 'root_backbone_id': 'bb_6a596932c4'}",bb_6a596932c4,,mythos_preview_multi
mythos_preview_multi_target_trem2_rank19,1,sequence_design,solublempnn,SolubleMPNN,,{},bb_6a596932c4,,mythos_preview_multi
mythos_preview_multi_target_trem2_rank19,2,filter/refold,screen_refold,"In-loop refold screen (Protenix, 1 seed)",,"{'instrument': 'ptxv2', 'ipSAE': 0.806727, 'sc_DockQ': 0.412285}",bb_6a596932c4,,mythos_preview_multi
mythos_preview_multi_target_trem2_rank19,3,optimization,predict_redesign,"Predict-and-redesign (co-fold complex, redesign sequence on predicted pose with MPNN-family model)",1.0,"{'redesign_on_prediction_from': 'ptxv2', 'round': 1, 'seq_model': 'SolubleMPNN', 'strategy': 'predict_redesign'}",lin_4d7a0beb2b,,mythos_preview_multi
mythos_preview_multi_target_trem2_rank19,4,filter/refold,screen_refold,"In-loop refold screen (Protenix, 1 seed)",,"{'instrument': 'ptxv2', 'ipSAE': 0.68175, 'sc_DockQ': 0.54155}",lin_4d7a0beb2b,,mythos_preview_multi
mythos_preview_multi_target_trem2_rank19,5,optimization,predict_redesign,"Predict-and-redesign (co-fold complex, redesign sequence on predicted pose with MPNN-family model)",2.0,"{'redesign_on_prediction_from': 'ptxv2', 'round': 2, 'seq_model': 'SolubleMPNN', 'strategy': 'predict_redesign'}",lin_d77c04ef80,,mythos_preview_multi
mythos_preview_multi_target_trem2_rank19,6,filter/refold,screen_refold,"In-loop refold screen (Protenix, 1 seed)",,"{'instrument': 'ptxv2', 'ipSAE': 0.719365, 'sc_DockQ': 0.485116}",lin_d77c04ef80,,mythos_preview_multi
mythos_preview_multi_target_trem2_rank19,7,filter/refold,final_ranking,"Final ranking gate (rank z-score across instruments, 5 seeds)",,"{'gate_instruments': ['ptxv2', 'ef2full', 'ef2fast'], 'ipSAE_ptxv2': 0.8395562143824341, 'sc_DockQ_ptxv2': 0.4285395182014322, 'selection_relaxation_step': None}",lin_74038dff10,,mythos_preview_multi
mythos_preview_multi_target_trem2_rank19,8,selection,selected_for_order,Selected for synthesis (rank 19 in Mythos Preview multi-target TREM2),,{'rank': 19},lin_74038dff10,,mythos_preview_multi
mythos_preview_multi_target_trem2_rank20,0,backbone_generation,freebindcraft,FreeBindCraft (BindCraft),,"{'generator': 'FreeBindCraft (BindCraft)', 'class': 'hallucination/AF2-based', 'root_backbone_id': 'bb_67c2332f9b'}",bb_67c2332f9b,,mythos_preview_multi
mythos_preview_multi_target_trem2_rank20,1,sequence_design,solublempnn,SolubleMPNN,,{},bb_67c2332f9b,,mythos_preview_multi
mythos_preview_multi_target_trem2_rank20,2,filter/refold,screen_refold,"In-loop refold screen (Protenix, 1 seed)",,"{'instrument': 'ptxv2', 'ipSAE': 0.694108, 'sc_DockQ': 0.583296}",bb_67c2332f9b,,mythos_preview_multi
mythos_preview_multi_target_trem2_rank20,3,filter/refold,final_ranking,"Final ranking gate (rank z-score across instruments, 5 seeds)",,"{'gate_instruments': ['ptxv2', 'ef2full', 'ef2fast'], 'ipSAE_ptxv2': 0.8478857798145788, 'sc_DockQ_ptxv2': 0.621518170515459, 'selection_relaxation_step': None}",lin_c7c6b7306f,,mythos_preview_multi
mythos_preview_multi_target_trem2_rank20,4,selection,selected_for_order,Selected for synthesis (rank 20 in Mythos Preview multi-target TREM2),,{'rank': 20},lin_c7c6b7306f,,mythos_preview_multi
mythos_preview_multi_target_trem2_rank21,0,backbone_generation,freebindcraft,FreeBindCraft (BindCraft),,"{'generator': 'FreeBindCraft (BindCraft)', 'class': 'hallucination/AF2-based', 'root_backbone_id': 'bb_d3f3907247'}",bb_d3f3907247,,mythos_preview_multi
mythos_preview_multi_target_trem2_rank21,1,sequence_design,solublempnn,SolubleMPNN,,{},bb_d3f3907247,,mythos_preview_multi
mythos_preview_multi_target_trem2_rank21,2,filter/refold,screen_refold,"In-loop refold screen (Protenix, 1 seed)",,"{'instrument': 'ptxv2', 'ipSAE': 0.677747, 'sc_DockQ': 0.636935}",bb_d3f3907247,,mythos_preview_multi
mythos_preview_multi_target_trem2_rank21,3,optimization,predict_redesign,"Predict-and-redesign (co-fold complex, redesign sequence on predicted pose with MPNN-family model)",1.0,"{'redesign_on_prediction_from': 'ptxv2', 'round': 1, 'seq_model': 'SolubleMPNN', 'strategy': 'predict_redesign'}",lin_5201d6669b,,mythos_preview_multi
mythos_preview_multi_target_trem2_rank21,4,filter/refold,screen_refold,"In-loop refold screen (Protenix, 1 seed)",,"{'instrument': 'ptxv2', 'ipSAE': 0.706112, 'sc_DockQ': 0.560047}",lin_5201d6669b,,mythos_preview_multi
mythos_preview_multi_target_trem2_rank21,5,filter/refold,final_ranking,"Final ranking gate (rank z-score across instruments, 5 seeds)",,"{'gate_instruments': ['ptxv2', 'ef2full', 'ef2fast'], 'ipSAE_ptxv2': 0.8415155970020239, 'sc_DockQ_ptxv2': 0.5815878250127947, 'selection_relaxation_step': None}",lin_9ad3da23f6,,mythos_preview_multi
mythos_preview_multi_target_trem2_rank21,6,selection,selected_for_order,Selected for synthesis (rank 21 in Mythos Preview multi-target TREM2),,{'rank': 21},lin_9ad3da23f6,,mythos_preview_multi
mythos_preview_multi_target_trem2_rank22,0,backbone_generation,freebindcraft,FreeBindCraft (BindCraft),,"{'generator': 'FreeBindCraft (BindCraft)', 'class': 'hallucination/AF2-based', 'root_backbone_id': 'bb_707f86ecce'}",bb_707f86ecce,,mythos_preview_multi
mythos_preview_multi_target_trem2_rank22,1,sequence_design,solublempnn,SolubleMPNN,,{},bb_707f86ecce,,mythos_preview_multi
mythos_preview_multi_target_trem2_rank22,2,filter/refold,screen_refold,"In-loop refold screen (Protenix, 1 seed)",,"{'instrument': 'ptxv2', 'ipSAE': 0.714068, 'sc_DockQ': 0.607065}",bb_707f86ecce,,mythos_preview_multi
mythos_preview_multi_target_trem2_rank22,3,optimization,predict_redesign,"Predict-and-redesign (co-fold complex, redesign sequence on predicted pose with MPNN-family model)",1.0,"{'redesign_on_prediction_from': 'ptxv2', 'round': 1, 'seq_model': 'SolubleMPNN', 'strategy': 'predict_redesign'}",lin_c8be625645,,mythos_preview_multi
mythos_preview_multi_target_trem2_rank22,4,filter/refold,screen_refold,"In-loop refold screen (Protenix, 1 seed)",,"{'instrument': 'ptxv2', 'ipSAE': 0.719605, 'sc_DockQ': 0.527553}",lin_c8be625645,,mythos_preview_multi
mythos_preview_multi_target_trem2_rank22,5,filter/refold,final_ranking,"Final ranking gate (rank z-score across instruments, 5 seeds)",,"{'gate_instruments': ['ptxv2', 'ef2full', 'ef2fast'], 'ipSAE_ptxv2': 0.8627170103720353, 'sc_DockQ_ptxv2': 0.4568364422267856, 'selection_relaxation_step': None}",lin_372dc5f4e1,,mythos_preview_multi
mythos_preview_multi_target_trem2_rank22,6,selection,selected_for_order,Selected for synthesis (rank 22 in Mythos Preview multi-target TREM2),,{'rank': 22},lin_372dc5f4e1,,mythos_preview_multi
mythos_preview_multi_target_trem2_rank23,0,backbone_generation,freebindcraft,FreeBindCraft (BindCraft),,"{'generator': 'FreeBindCraft (BindCraft)', 'class': 'hallucination/AF2-based', 'root_backbone_id': 'bb_707f86ecce'}",bb_707f86ecce,,mythos_preview_multi
mythos_preview_multi_target_trem2_rank23,1,sequence_design,solublecaliby,Caliby (SolubleCaliby),,{},bb_707f86ecce,,mythos_preview_multi
mythos_preview_multi_target_trem2_rank23,2,filter/refold,screen_refold,"In-loop refold screen (Protenix, 1 seed)",,"{'instrument': 'ptxv2', 'ipSAE': 0.613182, 'sc_DockQ': 0.528191}",bb_707f86ecce,,mythos_preview_multi
mythos_preview_multi_target_trem2_rank23,3,filter/refold,final_ranking,"Final ranking gate (rank z-score across instruments, 5 seeds)",,"{'gate_instruments': ['ptxv2', 'ef2full', 'ef2fast'], 'ipSAE_ptxv2': 0.793211402202734, 'sc_DockQ_ptxv2': 0.5238195336825946, 'selection_relaxation_step': None}",lin_5d2f590fe5,,mythos_preview_multi
mythos_preview_multi_target_trem2_rank23,4,selection,selected_for_order,Selected for synthesis (rank 23 in Mythos Preview multi-target TREM2),,{'rank': 23},lin_5d2f590fe5,,mythos_preview_multi
mythos_preview_multi_target_trem2_rank24,0,backbone_generation,freebindcraft,FreeBindCraft (BindCraft),,"{'generator': 'FreeBindCraft (BindCraft)', 'class': 'hallucination/AF2-based', 'root_backbone_id': 'bb_afd3f1d658'}",bb_afd3f1d658,,mythos_preview_multi
mythos_preview_multi_target_trem2_rank24,1,sequence_design,solublecaliby,Caliby (SolubleCaliby),,{},bb_afd3f1d658,,mythos_preview_multi
mythos_preview_multi_target_trem2_rank24,2,filter/refold,screen_refold,"In-loop refold screen (Protenix, 1 seed)",,"{'instrument': 'ptxv2', 'ipSAE': 0.556445, 'sc_DockQ': 0.570269}",bb_afd3f1d658,,mythos_preview_multi
mythos_preview_multi_target_trem2_rank24,3,filter/refold,final_ranking,"Final ranking gate (rank z-score across instruments, 5 seeds)",,"{'gate_instruments': ['ptxv2', 'ef2full', 'ef2fast'], 'ipSAE_ptxv2': 0.8017254422749625, 'sc_DockQ_ptxv2': 0.5906705621763911, 'selection_relaxation_step': None}",lin_cd6f51a9cc,,mythos_preview_multi
mythos_preview_multi_target_trem2_rank24,4,selection,selected_for_order,Selected for synthesis (rank 24 in Mythos Preview multi-target TREM2),,{'rank': 24},lin_cd6f51a9cc,,mythos_preview_multi
mythos_preview_multi_target_trem2_rank25,0,backbone_generation,freebindcraft,FreeBindCraft (BindCraft),,"{'generator': 'FreeBindCraft (BindCraft)', 'class': 'hallucination/AF2-based', 'root_backbone_id': 'bb_6211146772'}",bb_6211146772,,mythos_preview_multi
mythos_preview_multi_target_trem2_rank25,1,sequence_design,solublecaliby,Caliby (SolubleCaliby),,{},bb_6211146772,,mythos_preview_multi
mythos_preview_multi_target_trem2_rank25,2,filter/refold,screen_refold,"In-loop refold screen (Protenix, 1 seed)",,"{'instrument': 'ptxv2', 'ipSAE': 0.567207, 'sc_DockQ': 0.533161}",bb_6211146772,,mythos_preview_multi
mythos_preview_multi_target_trem2_rank25,3,filter/refold,final_ranking,"Final ranking gate (rank z-score across instruments, 5 seeds)",,"{'gate_instruments': ['ptxv2', 'ef2full', 'ef2fast'], 'ipSAE_ptxv2': 0.839182891318823, 'sc_DockQ_ptxv2': 0.4713748140439714, 'selection_relaxation_step': None}",lin_6ae4b598de,,mythos_preview_multi
mythos_preview_multi_target_trem2_rank25,4,selection,selected_for_order,Selected for synthesis (rank 25 in Mythos Preview multi-target TREM2),,{'rank': 25},lin_6ae4b598de,,mythos_preview_multi
mythos_preview_multi_target_trem2_rank26,0,backbone_generation,boltzgen,BoltzGen,,"{'generator': 'BoltzGen', 'class': 'diffusion', 'root_backbone_id': 'bb_88c3422c61'}",bb_88c3422c61,,mythos_preview_multi
mythos_preview_multi_target_trem2_rank26,1,sequence_design,solublecaliby,Caliby (SolubleCaliby),,{},bb_88c3422c61,,mythos_preview_multi
mythos_preview_multi_target_trem2_rank26,2,filter/refold,screen_refold,"In-loop refold screen (Protenix, 1 seed)",,"{'instrument': 'ptxv2', 'ipSAE': 0.484747, 'sc_DockQ': 0.577788}",bb_88c3422c61,,mythos_preview_multi
mythos_preview_multi_target_trem2_rank26,3,filter/refold,final_ranking,"Final ranking gate (rank z-score across instruments, 5 seeds)",,"{'gate_instruments': ['ptxv2', 'ef2full', 'ef2fast'], 'ipSAE_ptxv2': 0.7753223746092689, 'sc_DockQ_ptxv2': 0.5061426739079213, 'selection_relaxation_step': None}",lin_9a3c5fc66e,,mythos_preview_multi
mythos_preview_multi_target_trem2_rank26,4,selection,selected_for_order,Selected for synthesis (rank 26 in Mythos Preview multi-target TREM2),,{'rank': 26},lin_9a3c5fc66e,,mythos_preview_multi
mythos_preview_multi_target_trem2_rank27,0,backbone_generation,boltzgen,BoltzGen,,"{'generator': 'BoltzGen', 'class': 'diffusion', 'root_backbone_id': 'bb_0b6c42b817'}",bb_0b6c42b817,,mythos_preview_multi
mythos_preview_multi_target_trem2_rank27,1,sequence_design,solublecaliby,Caliby (SolubleCaliby),,{},bb_0b6c42b817,,mythos_preview_multi
mythos_preview_multi_target_trem2_rank27,2,filter/refold,screen_refold,"In-loop refold screen (Protenix, 1 seed)",,"{'instrument': 'ptxv2', 'ipSAE': 0.457167, 'sc_DockQ': 0.344733}",bb_0b6c42b817,,mythos_preview_multi
mythos_preview_multi_target_trem2_rank27,3,filter/refold,final_ranking,"Final ranking gate (rank z-score across instruments, 5 seeds)",,"{'gate_instruments': ['ptxv2', 'ef2full', 'ef2fast'], 'ipSAE_ptxv2': 0.7354889204697905, 'sc_DockQ_ptxv2': 0.3450736863169264, 'selection_relaxation_step': None}",lin_f04facb591,,mythos_preview_multi
mythos_preview_multi_target_trem2_rank27,4,selection,selected_for_order,Selected for synthesis (rank 27 in Mythos Preview multi-target TREM2),,{'rank': 27},lin_f04facb591,,mythos_preview_multi
mythos_preview_multi_target_trem2_rank28,0,backbone_generation,boltzgen,BoltzGen,,"{'generator': 'BoltzGen', 'class': 'diffusion', 'root_backbone_id': 'bb_aa6f7eda55'}",bb_aa6f7eda55,,mythos_preview_multi
mythos_preview_multi_target_trem2_rank28,1,sequence_design,solublecaliby,Caliby (SolubleCaliby),,{},bb_aa6f7eda55,,mythos_preview_multi
mythos_preview_multi_target_trem2_rank28,2,filter/refold,screen_refold,"In-loop refold screen (Protenix, 1 seed)",,"{'instrument': 'ptxv2', 'ipSAE': 0.264483, 'sc_DockQ': 0.356246}",bb_aa6f7eda55,,mythos_preview_multi
mythos_preview_multi_target_trem2_rank28,3,filter/refold,final_ranking,"Final ranking gate (rank z-score across instruments, 5 seeds)",,"{'gate_instruments': ['ptxv2', 'ef2full', 'ef2fast'], 'ipSAE_ptxv2': 0.6899376770076215, 'sc_DockQ_ptxv2': 0.4051056118427841, 'selection_relaxation_step': 'none'}",lin_0ea6476b03,,mythos_preview_multi
mythos_preview_multi_target_trem2_rank28,4,selection,selected_for_order,Selected for synthesis (rank 28 in Mythos Preview multi-target TREM2),,{'rank': 28},lin_0ea6476b03,,mythos_preview_multi
mythos_preview_multi_target_trem2_rank29,0,backbone_generation,boltzgen,BoltzGen,,"{'generator': 'BoltzGen', 'class': 'diffusion', 'root_backbone_id': 'bb_88c3422c61'}",bb_88c3422c61,,mythos_preview_multi
mythos_preview_multi_target_trem2_rank29,1,sequence_design,solublecaliby,Caliby (SolubleCaliby),,{},bb_88c3422c61,,mythos_preview_multi
mythos_preview_multi_target_trem2_rank29,2,filter/refold,screen_refold,"In-loop refold screen (Protenix, 1 seed)",,"{'instrument': 'ptxv2', 'ipSAE': 0.214104, 'sc_DockQ': 0.53234}",bb_88c3422c61,,mythos_preview_multi
mythos_preview_multi_target_trem2_rank29,3,filter/refold,final_ranking,"Final ranking gate (rank z-score across instruments, 5 seeds)",,"{'gate_instruments': ['ptxv2', 'ef2full', 'ef2fast'], 'ipSAE_ptxv2': 0.5525623383362595, 'sc_DockQ_ptxv2': 0.5784460047072478, 'selection_relaxation_step': None}",lin_b1eebbb4f6,,mythos_preview_multi
mythos_preview_multi_target_trem2_rank29,4,selection,selected_for_order,Selected for synthesis (rank 29 in Mythos Preview multi-target TREM2),,{'rank': 29},lin_b1eebbb4f6,,mythos_preview_multi
mythos_preview_multi_target_trem2_rank30,0,backbone_generation,boltzgen,BoltzGen,,"{'generator': 'BoltzGen', 'class': 'diffusion', 'root_backbone_id': 'bb_54f0191837'}",bb_54f0191837,,mythos_preview_multi
mythos_preview_multi_target_trem2_rank30,1,sequence_design,solublecaliby,Caliby (SolubleCaliby),,{},bb_54f0191837,,mythos_preview_multi
mythos_preview_multi_target_trem2_rank30,2,filter/refold,screen_refold,"In-loop refold screen (Protenix, 1 seed)",,"{'instrument': 'ptxv2', 'ipSAE': 0.190777, 'sc_DockQ': 0.351769}",bb_54f0191837,,mythos_preview_multi
mythos_preview_multi_target_trem2_rank30,3,filter/refold,final_ranking,"Final ranking gate (rank z-score across instruments, 5 seeds)",,"{'gate_instruments': ['ptxv2', 'ef2full', 'ef2fast'], 'ipSAE_ptxv2': 0.4928041242978263, 'sc_DockQ_ptxv2': 0.2914410129568818, 'selection_relaxation_step': None}",lin_322a209d6d,,mythos_preview_multi
mythos_preview_multi_target_trem2_rank30,4,selection,selected_for_order,Selected for synthesis (rank 30 in Mythos Preview multi-target TREM2),,{'rank': 30},lin_322a209d6d,,mythos_preview_multi
mythos_preview_single_target_trem2_rank01,0,backbone_generation,rfdiffusion3,RFdiffusion3,,"{'generator': 'RFdiffusion3', 'class': 'diffusion', 'root_backbone_id': 'bb_860df8ff3f'}",bb_860df8ff3f,,mythos_preview_single
mythos_preview_single_target_trem2_rank01,1,sequence_design,solublempnn,SolubleMPNN,,{},bb_860df8ff3f,,mythos_preview_single
mythos_preview_single_target_trem2_rank01,2,filter/refold,screen_refold,"In-loop refold screen (Protenix, 1 seed)",,"{'instrument': 'ptxv2', 'ipSAE': 0.893904, 'sc_DockQ': 0.892382}",bb_860df8ff3f,,mythos_preview_single
mythos_preview_single_target_trem2_rank01,3,optimization,mutagenesis,Point-mutation scan + refold,1.0,"{'round': 1, 'strategy': 'mutagenesis'}",lin_5f5311f306,,mythos_preview_single
mythos_preview_single_target_trem2_rank01,4,filter/refold,screen_refold,"In-loop refold screen (Protenix, 1 seed)",,{'instrument': 'ptxv2'},lin_5f5311f306,,mythos_preview_single
mythos_preview_single_target_trem2_rank01,5,optimization,mutagenesis,Point-mutation scan + refold,2.0,"{'round': 2, 'strategy': 'mutagenesis'}",lin_2295ed0d62,,mythos_preview_single
mythos_preview_single_target_trem2_rank01,6,filter/refold,screen_refold,"In-loop refold screen (Protenix, 1 seed)",,{'instrument': 'ptxv2'},lin_2295ed0d62,,mythos_preview_single
mythos_preview_single_target_trem2_rank01,7,optimization,mutagenesis,Point-mutation scan + refold,3.0,"{'round': 3, 'strategy': 'mutagenesis'}",lin_0ae881fa32,,mythos_preview_single
mythos_preview_single_target_trem2_rank01,8,filter/refold,screen_refold,"In-loop refold screen (Protenix, 1 seed)",,{'instrument': 'ptxv2'},lin_0ae881fa32,,mythos_preview_single
mythos_preview_single_target_trem2_rank01,9,optimization,mutagenesis,Point-mutation scan + refold,4.0,"{'round': 4, 'strategy': 'mutagenesis'}",lin_71176c46c0,,mythos_preview_single
mythos_preview_single_target_trem2_rank01,10,filter/refold,screen_refold,"In-loop refold screen (Protenix, 1 seed)",,{'instrument': 'ptxv2'},lin_71176c46c0,,mythos_preview_single
mythos_preview_single_target_trem2_rank01,11,optimization,mutagenesis,Point-mutation scan + refold,5.0,"{'round': 5, 'strategy': 'mutagenesis'}",lin_0593df22e5,,mythos_preview_single
mythos_preview_single_target_trem2_rank01,12,filter/refold,screen_refold,"In-loop refold screen (Protenix, 1 seed)",,{'instrument': 'ptxv2'},lin_0593df22e5,,mythos_preview_single
mythos_preview_single_target_trem2_rank01,13,optimization,mutagenesis,Point-mutation scan + refold,6.0,"{'round': 6, 'strategy': 'mutagenesis'}",lin_0662389caf,,mythos_preview_single
mythos_preview_single_target_trem2_rank01,14,filter/refold,screen_refold,"In-loop refold screen (Protenix, 1 seed)",,{'instrument': 'ptxv2'},lin_0662389caf,,mythos_preview_single
mythos_preview_single_target_trem2_rank01,15,optimization,mutagenesis,Point-mutation scan + refold,7.0,"{'round': 7, 'strategy': 'mutagenesis'}",lin_fc8c830e41,,mythos_preview_single
mythos_preview_single_target_trem2_rank01,16,filter/refold,screen_refold,"In-loop refold screen (Protenix, 1 seed)",,{'instrument': 'ptxv2'},lin_fc8c830e41,,mythos_preview_single
mythos_preview_single_target_trem2_rank01,17,optimization,mutagenesis,Point-mutation scan + refold,8.0,"{'round': 8, 'strategy': 'mutagenesis'}",lin_67f9636229,,mythos_preview_single
mythos_preview_single_target_trem2_rank01,18,filter/refold,screen_refold,"In-loop refold screen (Protenix, 1 seed)",,{'instrument': 'ptxv2'},lin_67f9636229,,mythos_preview_single
mythos_preview_single_target_trem2_rank01,19,optimization,mutagenesis,Point-mutation scan + refold,9.0,"{'round': 9, 'strategy': 'mutagenesis'}",lin_f582f239e4,,mythos_preview_single
mythos_preview_single_target_trem2_rank01,20,filter/refold,screen_refold,"In-loop refold screen (Protenix, 1 seed)",,{'instrument': 'ptxv2'},lin_f582f239e4,,mythos_preview_single
mythos_preview_single_target_trem2_rank01,21,optimization,mutagenesis,Point-mutation scan + refold,10.0,"{'round': 10, 'strategy': 'mutagenesis'}",lin_6a139a727a,,mythos_preview_single
mythos_preview_single_target_trem2_rank01,22,filter/refold,screen_refold,"In-loop refold screen (Protenix, 1 seed)",,{'instrument': 'ptxv2'},lin_6a139a727a,,mythos_preview_single
mythos_preview_single_target_trem2_rank01,23,optimization,mutagenesis,Point-mutation scan + refold,11.0,"{'round': 11, 'strategy': 'mutagenesis'}",lin_bedce0a663,,mythos_preview_single
mythos_preview_single_target_trem2_rank01,24,filter/refold,screen_refold,"In-loop refold screen (Protenix, 1 seed)",,{'instrument': 'ptxv2'},lin_bedce0a663,,mythos_preview_single
mythos_preview_single_target_trem2_rank01,25,optimization,mutagenesis,Point-mutation scan + refold,12.0,"{'round': 12, 'strategy': 'mutagenesis'}",lin_b708b241c2,,mythos_preview_single
mythos_preview_single_target_trem2_rank01,26,filter/refold,screen_refold,"In-loop refold screen (Protenix, 1 seed)",,{'instrument': 'ptxv2'},lin_b708b241c2,,mythos_preview_single
mythos_preview_single_target_trem2_rank01,27,optimization,mutagenesis,Point-mutation scan + refold,13.0,"{'round': 13, 'strategy': 'mutagenesis'}",lin_d9d34ee5a5,,mythos_preview_single
mythos_preview_single_target_trem2_rank01,28,filter/refold,screen_refold,"In-loop refold screen (Protenix, 1 seed)",,{'instrument': 'ptxv2'},lin_d9d34ee5a5,,mythos_preview_single
mythos_preview_single_target_trem2_rank01,29,optimization,mutagenesis,Point-mutation scan + refold,14.0,"{'round': 14, 'strategy': 'mutagenesis'}",lin_186f710171,,mythos_preview_single
mythos_preview_single_target_trem2_rank01,30,filter/refold,screen_refold,"In-loop refold screen (Protenix, 1 seed)",,"{'instrument': 'ptxv2', 'ipSAE': 0.780912, 'sc_DockQ': 0.847257}",lin_186f710171,,mythos_preview_single
mythos_preview_single_target_trem2_rank01,31,filter/refold,final_ranking,"Final ranking gate (rank z-score across instruments, 5 seeds)",,"{'gate_instruments': ['ptxv2', 'ef2full', 'ef2fast'], 'ipSAE_ptxv2': 0.9174526708066124, 'sc_DockQ_ptxv2': 0.9223, 'selection_relaxation_step': None}",lin_87894f2552,,mythos_preview_single
mythos_preview_single_target_trem2_rank01,32,selection,selected_for_order,Selected for synthesis (rank 1 in Mythos Preview single-target TREM2),,{'rank': 1},lin_87894f2552,,mythos_preview_single
mythos_preview_single_target_trem2_rank02,0,backbone_generation,rfdiffusion3,RFdiffusion3,,"{'generator': 'RFdiffusion3', 'class': 'diffusion', 'root_backbone_id': 'bb_6a1a2bd1cf'}",bb_6a1a2bd1cf,,mythos_preview_single
mythos_preview_single_target_trem2_rank02,1,sequence_design,solublempnn,SolubleMPNN,,{},bb_6a1a2bd1cf,,mythos_preview_single
mythos_preview_single_target_trem2_rank02,2,filter/refold,screen_refold,"In-loop refold screen (Protenix, 1 seed)",,"{'instrument': 'ptxv2', 'ipSAE': 0.590536, 'sc_DockQ': 0.868986}",bb_6a1a2bd1cf,,mythos_preview_single
mythos_preview_single_target_trem2_rank02,3,optimization,mpnn_resample,Multi-seed SolubleMPNN resample + refold,1.0,"{'round': 1, 'strategy': 'mpnn_resample'}",lin_4c40730a20,,mythos_preview_single
mythos_preview_single_target_trem2_rank02,4,filter/refold,screen_refold,"In-loop refold screen (Protenix, 1 seed)",,"{'instrument': 'ptxv2', 'ipSAE': 0.735149, 'sc_DockQ': 0.815344}",lin_4c40730a20,,mythos_preview_single
mythos_preview_single_target_trem2_rank02,5,optimization,mpnn_resample,Multi-seed SolubleMPNN resample + refold,2.0,"{'round': 2, 'strategy': 'mpnn_resample'}",lin_930891dc3a,,mythos_preview_single
mythos_preview_single_target_trem2_rank02,6,filter/refold,screen_refold,"In-loop refold screen (Protenix, 1 seed)",,"{'instrument': 'ptxv2', 'ipSAE': 0.741067, 'sc_DockQ': 0.730994}",lin_930891dc3a,,mythos_preview_single
mythos_preview_single_target_trem2_rank02,7,optimization,mpnn_resample,Multi-seed SolubleMPNN resample + refold,3.0,"{'round': 3, 'strategy': 'mpnn_resample'}",lin_505d91d74b,,mythos_preview_single
mythos_preview_single_target_trem2_rank02,8,filter/refold,screen_refold,"In-loop refold screen (Protenix, 1 seed)",,"{'instrument': 'ptxv2', 'ipSAE': 0.740755, 'sc_DockQ': 0.738808}",lin_505d91d74b,,mythos_preview_single
mythos_preview_single_target_trem2_rank02,9,optimization,mpnn_resample,Multi-seed SolubleMPNN resample + refold,4.0,"{'round': 4, 'strategy': 'mpnn_resample'}",lin_474319f184,,mythos_preview_single
mythos_preview_single_target_trem2_rank02,10,filter/refold,screen_refold,"In-loop refold screen (Protenix, 1 seed)",,"{'instrument': 'ptxv2', 'ipSAE': 0.780465, 'sc_DockQ': 0.715623}",lin_474319f184,,mythos_preview_single
mythos_preview_single_target_trem2_rank02,11,optimization,mpnn_resample,Multi-seed SolubleMPNN resample + refold,5.0,"{'round': 5, 'strategy': 'mpnn_resample'}",lin_aaec6c636d,,mythos_preview_single
mythos_preview_single_target_trem2_rank02,12,filter/refold,screen_refold,"In-loop refold screen (Protenix, 1 seed)",,"{'instrument': 'ptxv2', 'ipSAE': 0.780718, 'sc_DockQ': 0.711951}",lin_aaec6c636d,,mythos_preview_single
mythos_preview_single_target_trem2_rank02,13,optimization,mpnn_resample,Multi-seed SolubleMPNN resample + refold,6.0,"{'round': 6, 'strategy': 'mpnn_resample'}",lin_021bbc66c6,,mythos_preview_single
mythos_preview_single_target_trem2_rank02,14,filter/refold,screen_refold,"In-loop refold screen (Protenix, 1 seed)",,"{'instrument': 'ptxv2', 'ipSAE': 0.796431, 'sc_DockQ': 0.713269}",lin_021bbc66c6,,mythos_preview_single
mythos_preview_single_target_trem2_rank02,15,filter/refold,final_ranking,"Final ranking gate (rank z-score across instruments, 5 seeds)",,"{'gate_instruments': ['ptxv2', 'ef2full', 'ef2fast'], 'ipSAE_ptxv2': 0.9109115729222, 'sc_DockQ_ptxv2': 0.8588, 'selection_relaxation_step': None}",lin_0a22105348,,mythos_preview_single
mythos_preview_single_target_trem2_rank02,16,selection,selected_for_order,Selected for synthesis (rank 2 in Mythos Preview single-target TREM2),,{'rank': 2},lin_0a22105348,,mythos_preview_single
mythos_preview_single_target_trem2_rank03,0,backbone_generation,rfdiffusion3,RFdiffusion3,,"{'generator': 'RFdiffusion3', 'class': 'diffusion', 'root_backbone_id': 'bb_6a1a2bd1cf'}",bb_6a1a2bd1cf,,mythos_preview_single
mythos_preview_single_target_trem2_rank03,1,sequence_design,solublempnn,SolubleMPNN,,{},bb_6a1a2bd1cf,,mythos_preview_single
mythos_preview_single_target_trem2_rank03,2,filter/refold,screen_refold,"In-loop refold screen (Protenix, 1 seed)",,"{'instrument': 'ptxv2', 'ipSAE': 0.590536, 'sc_DockQ': 0.868986}",bb_6a1a2bd1cf,,mythos_preview_single
mythos_preview_single_target_trem2_rank03,3,optimization,mpnn_resample,Multi-seed SolubleMPNN resample + refold,1.0,"{'round': 1, 'strategy': 'mpnn_resample'}",lin_4c40730a20,,mythos_preview_single
mythos_preview_single_target_trem2_rank03,4,filter/refold,screen_refold,"In-loop refold screen (Protenix, 1 seed)",,"{'instrument': 'ptxv2', 'ipSAE': 0.735149, 'sc_DockQ': 0.815344}",lin_4c40730a20,,mythos_preview_single
mythos_preview_single_target_trem2_rank03,5,optimization,mpnn_resample,Multi-seed SolubleMPNN resample + refold,2.0,"{'round': 2, 'strategy': 'mpnn_resample'}",lin_930891dc3a,,mythos_preview_single
mythos_preview_single_target_trem2_rank03,6,filter/refold,screen_refold,"In-loop refold screen (Protenix, 1 seed)",,"{'instrument': 'ptxv2', 'ipSAE': 0.741067, 'sc_DockQ': 0.730994}",lin_930891dc3a,,mythos_preview_single
mythos_preview_single_target_trem2_rank03,7,optimization,mpnn_resample,Multi-seed SolubleMPNN resample + refold,3.0,"{'round': 3, 'strategy': 'mpnn_resample'}",lin_505d91d74b,,mythos_preview_single
mythos_preview_single_target_trem2_rank03,8,filter/refold,screen_refold,"In-loop refold screen (Protenix, 1 seed)",,"{'instrument': 'ptxv2', 'ipSAE': 0.740755, 'sc_DockQ': 0.738808}",lin_505d91d74b,,mythos_preview_single
mythos_preview_single_target_trem2_rank03,9,optimization,mpnn_resample,Multi-seed SolubleMPNN resample + refold,4.0,"{'round': 4, 'strategy': 'mpnn_resample'}",lin_474319f184,,mythos_preview_single
mythos_preview_single_target_trem2_rank03,10,filter/refold,screen_refold,"In-loop refold screen (Protenix, 1 seed)",,"{'instrument': 'ptxv2', 'ipSAE': 0.780465, 'sc_DockQ': 0.715623}",lin_474319f184,,mythos_preview_single
mythos_preview_single_target_trem2_rank03,11,optimization,mpnn_resample,Multi-seed SolubleMPNN resample + refold,5.0,"{'round': 5, 'strategy': 'mpnn_resample'}",lin_aaec6c636d,,mythos_preview_single
mythos_preview_single_target_trem2_rank03,12,filter/refold,screen_refold,"In-loop refold screen (Protenix, 1 seed)",,{'instrument': 'ptxv2'},lin_aaec6c636d,,mythos_preview_single
mythos_preview_single_target_trem2_rank03,13,optimization,mpnn_resample,Multi-seed SolubleMPNN resample + refold,6.0,"{'round': 6, 'strategy': 'mpnn_resample'}",lin_021bbc66c6,,mythos_preview_single
mythos_preview_single_target_trem2_rank03,14,filter/refold,screen_refold,"In-loop refold screen (Protenix, 1 seed)",,"{'instrument': 'ptxv2', 'ipSAE': 0.780389, 'sc_DockQ': 0.712039}",lin_021bbc66c6,,mythos_preview_single
mythos_preview_single_target_trem2_rank03,15,optimization,mpnn_resample,Multi-seed SolubleMPNN resample + refold,7.0,"{'round': 7, 'strategy': 'mpnn_resample'}",lin_0dc1fd7a77,,mythos_preview_single
mythos_preview_single_target_trem2_rank03,16,filter/refold,screen_refold,"In-loop refold screen (Protenix, 1 seed)",,{'instrument': 'ptxv2'},lin_0dc1fd7a77,,mythos_preview_single
mythos_preview_single_target_trem2_rank03,17,optimization,mpnn_resample,Multi-seed SolubleMPNN resample + refold,8.0,"{'round': 8, 'strategy': 'mpnn_resample'}",lin_9e5712b235,,mythos_preview_single
mythos_preview_single_target_trem2_rank03,18,filter/refold,screen_refold,"In-loop refold screen (Protenix, 1 seed)",,"{'instrument': 'ptxv2', 'ipSAE': 0.787315, 'sc_DockQ': 0.737422}",lin_9e5712b235,,mythos_preview_single
mythos_preview_single_target_trem2_rank03,19,filter/refold,final_ranking,"Final ranking gate (rank z-score across instruments, 5 seeds)",,"{'gate_instruments': ['ptxv2', 'ef2full', 'ef2fast'], 'ipSAE_ptxv2': 0.910787044262802, 'sc_DockQ_ptxv2': 0.8673, 'selection_relaxation_step': None}",lin_233ea874ff,,mythos_preview_single
mythos_preview_single_target_trem2_rank03,20,selection,selected_for_order,Selected for synthesis (rank 3 in Mythos Preview single-target TREM2),,{'rank': 3},lin_233ea874ff,,mythos_preview_single
mythos_preview_single_target_trem2_rank04,0,backbone_generation,proteina,Proteina-Complexa,,"{'generator': 'Proteina-Complexa', 'class': 'flow/other', 'root_backbone_id': 'bb_abb99afe20'}",bb_abb99afe20,,mythos_preview_single
mythos_preview_single_target_trem2_rank04,1,sequence_design,solublempnn,SolubleMPNN,,{},bb_abb99afe20,,mythos_preview_single
mythos_preview_single_target_trem2_rank04,2,filter/refold,screen_refold,"In-loop refold screen (Protenix, 1 seed)",,"{'instrument': 'ptxv2', 'ipSAE': 0.913453, 'sc_DockQ': 0.892113}",bb_abb99afe20,,mythos_preview_single
mythos_preview_single_target_trem2_rank04,3,filter/refold,final_ranking,"Final ranking gate (rank z-score across instruments, 5 seeds)",,"{'gate_instruments': ['ptxv2', 'ef2full', 'ef2fast'], 'ipSAE_ptxv2': 0.9137445350618768, 'sc_DockQ_ptxv2': 0.8731, 'selection_relaxation_step': None}",lin_4799862079,,mythos_preview_single
mythos_preview_single_target_trem2_rank04,4,selection,selected_for_order,Selected for synthesis (rank 4 in Mythos Preview single-target TREM2),,{'rank': 4},lin_4799862079,,mythos_preview_single
mythos_preview_single_target_trem2_rank05,0,backbone_generation,rfdiffusion3,RFdiffusion3,,"{'generator': 'RFdiffusion3', 'class': 'diffusion', 'root_backbone_id': 'bb_db372b7b9c'}",bb_db372b7b9c,,mythos_preview_single
mythos_preview_single_target_trem2_rank05,1,sequence_design,solublempnn,SolubleMPNN,,{},bb_db372b7b9c,,mythos_preview_single
mythos_preview_single_target_trem2_rank05,2,filter/refold,screen_refold,"In-loop refold screen (Protenix, 1 seed)",,"{'instrument': 'ptxv2', 'ipSAE': 0.915581, 'sc_DockQ': 0.841093}",bb_db372b7b9c,,mythos_preview_single
mythos_preview_single_target_trem2_rank05,3,filter/refold,final_ranking,"Final ranking gate (rank z-score across instruments, 5 seeds)",,"{'gate_instruments': ['ptxv2', 'ef2full', 'ef2fast'], 'ipSAE_ptxv2': 0.9157151933496076, 'sc_DockQ_ptxv2': 0.8505, 'selection_relaxation_step': None}",lin_3fe1fe16fa,,mythos_preview_single
mythos_preview_single_target_trem2_rank05,4,selection,selected_for_order,Selected for synthesis (rank 5 in Mythos Preview single-target TREM2),,{'rank': 5},lin_3fe1fe16fa,,mythos_preview_single
mythos_preview_single_target_trem2_rank06,0,backbone_generation,pxdesign,PXDesign,,"{'generator': 'PXDesign', 'class': 'diffusion', 'root_backbone_id': 'bb_5aae4c6c7a'}",bb_5aae4c6c7a,,mythos_preview_single
mythos_preview_single_target_trem2_rank06,1,sequence_design,solublempnn,SolubleMPNN,,{},bb_5aae4c6c7a,,mythos_preview_single
mythos_preview_single_target_trem2_rank06,2,filter/refold,screen_refold,"In-loop refold screen (Protenix, 1 seed)",,"{'instrument': 'ptxv2', 'ipSAE': 0.46028, 'sc_DockQ': 0.760117}",bb_5aae4c6c7a,,mythos_preview_single
mythos_preview_single_target_trem2_rank06,3,optimization,mutagenesis,Point-mutation scan + refold,1.0,"{'round': 1, 'strategy': 'mutagenesis'}",lin_1729690942,,mythos_preview_single
mythos_preview_single_target_trem2_rank06,4,filter/refold,screen_refold,"In-loop refold screen (Protenix, 1 seed)",,"{'instrument': 'ptxv2', 'ipSAE': 0.732849, 'sc_DockQ': 0.697113}",lin_1729690942,,mythos_preview_single
mythos_preview_single_target_trem2_rank06,5,optimization,mutagenesis,Point-mutation scan + refold,2.0,"{'round': 2, 'strategy': 'mutagenesis'}",lin_1c12f533c3,,mythos_preview_single
mythos_preview_single_target_trem2_rank06,6,filter/refold,screen_refold,"In-loop refold screen (Protenix, 1 seed)",,{'instrument': 'ptxv2'},lin_1c12f533c3,,mythos_preview_single
mythos_preview_single_target_trem2_rank06,7,optimization,mutagenesis,Point-mutation scan + refold,3.0,"{'round': 3, 'strategy': 'mutagenesis'}",lin_820fd6b801,,mythos_preview_single
mythos_preview_single_target_trem2_rank06,8,filter/refold,screen_refold,"In-loop refold screen (Protenix, 1 seed)",,"{'instrument': 'ptxv2', 'ipSAE': 0.788184, 'sc_DockQ': 0.7236}",lin_820fd6b801,,mythos_preview_single
mythos_preview_single_target_trem2_rank06,9,optimization,mutagenesis,Point-mutation scan + refold,4.0,"{'round': 4, 'strategy': 'mutagenesis'}",lin_8b406b7c90,,mythos_preview_single
mythos_preview_single_target_trem2_rank06,10,filter/refold,screen_refold,"In-loop refold screen (Protenix, 1 seed)",,{'instrument': 'ptxv2'},lin_8b406b7c90,,mythos_preview_single
mythos_preview_single_target_trem2_rank06,11,optimization,mutagenesis,Point-mutation scan + refold,5.0,"{'round': 5, 'strategy': 'mutagenesis'}",lin_afc43392ab,,mythos_preview_single
mythos_preview_single_target_trem2_rank06,12,filter/refold,screen_refold,"In-loop refold screen (Protenix, 1 seed)",,{'instrument': 'ptxv2'},lin_afc43392ab,,mythos_preview_single
mythos_preview_single_target_trem2_rank06,13,optimization,mutagenesis,Point-mutation scan + refold,6.0,"{'round': 6, 'strategy': 'mutagenesis'}",lin_d43bce9dbe,,mythos_preview_single
mythos_preview_single_target_trem2_rank06,14,filter/refold,screen_refold,"In-loop refold screen (Protenix, 1 seed)",,{'instrument': 'ptxv2'},lin_d43bce9dbe,,mythos_preview_single
mythos_preview_single_target_trem2_rank06,15,optimization,mutagenesis,Point-mutation scan + refold,7.0,"{'round': 7, 'strategy': 'mutagenesis'}",lin_72c6d1ea68,,mythos_preview_single
mythos_preview_single_target_trem2_rank06,16,filter/refold,screen_refold,"In-loop refold screen (Protenix, 1 seed)",,{'instrument': 'ptxv2'},lin_72c6d1ea68,,mythos_preview_single
mythos_preview_single_target_trem2_rank06,17,optimization,mutagenesis,Point-mutation scan + refold,8.0,"{'round': 8, 'strategy': 'mutagenesis'}",lin_bf494c41e3,,mythos_preview_single
mythos_preview_single_target_trem2_rank06,18,filter/refold,screen_refold,"In-loop refold screen (Protenix, 1 seed)",,{'instrument': 'ptxv2'},lin_bf494c41e3,,mythos_preview_single
mythos_preview_single_target_trem2_rank06,19,optimization,mutagenesis,Point-mutation scan + refold,9.0,"{'round': 9, 'strategy': 'mutagenesis'}",lin_d0e43bd789,,mythos_preview_single
mythos_preview_single_target_trem2_rank06,20,filter/refold,screen_refold,"In-loop refold screen (Protenix, 1 seed)",,{'instrument': 'ptxv2'},lin_d0e43bd789,,mythos_preview_single
mythos_preview_single_target_trem2_rank06,21,optimization,mutagenesis,Point-mutation scan + refold,10.0,"{'round': 10, 'strategy': 'mutagenesis'}",lin_d7d4d1c533,,mythos_preview_single
mythos_preview_single_target_trem2_rank06,22,filter/refold,screen_refold,"In-loop refold screen (Protenix, 1 seed)",,{'instrument': 'ptxv2'},lin_d7d4d1c533,,mythos_preview_single
mythos_preview_single_target_trem2_rank06,23,optimization,mutagenesis,Point-mutation scan + refold,11.0,"{'round': 11, 'strategy': 'mutagenesis'}",lin_a787780f81,,mythos_preview_single
mythos_preview_single_target_trem2_rank06,24,filter/refold,screen_refold,"In-loop refold screen (Protenix, 1 seed)",,{'instrument': 'ptxv2'},lin_a787780f81,,mythos_preview_single
mythos_preview_single_target_trem2_rank06,25,optimization,mutagenesis,Point-mutation scan + refold,12.0,"{'round': 12, 'strategy': 'mutagenesis'}",lin_d82c1dddce,,mythos_preview_single
mythos_preview_single_target_trem2_rank06,26,filter/refold,screen_refold,"In-loop refold screen (Protenix, 1 seed)",,{'instrument': 'ptxv2'},lin_d82c1dddce,,mythos_preview_single
mythos_preview_single_target_trem2_rank06,27,optimization,mutagenesis,Point-mutation scan + refold,13.0,"{'round': 13, 'strategy': 'mutagenesis'}",lin_a8e56f73cc,,mythos_preview_single
mythos_preview_single_target_trem2_rank06,28,filter/refold,screen_refold,"In-loop refold screen (Protenix, 1 seed)",,{'instrument': 'ptxv2'},lin_a8e56f73cc,,mythos_preview_single
mythos_preview_single_target_trem2_rank06,29,optimization,mutagenesis,Point-mutation scan + refold,14.0,"{'round': 14, 'strategy': 'mutagenesis'}",lin_5b523bcc2d,,mythos_preview_single
mythos_preview_single_target_trem2_rank06,30,filter/refold,screen_refold,"In-loop refold screen (Protenix, 1 seed)",,"{'instrument': 'ptxv2', 'ipSAE': 0.801374, 'sc_DockQ': 0.710191}",lin_5b523bcc2d,,mythos_preview_single
mythos_preview_single_target_trem2_rank06,31,filter/refold,final_ranking,"Final ranking gate (rank z-score across instruments, 5 seeds)",,"{'gate_instruments': ['ptxv2', 'ef2full', 'ef2fast'], 'ipSAE_ptxv2': 0.8963969307966638, 'sc_DockQ_ptxv2': 0.7221, 'selection_relaxation_step': None}",lin_5ff8e19af1,,mythos_preview_single
mythos_preview_single_target_trem2_rank06,32,selection,selected_for_order,Selected for synthesis (rank 6 in Mythos Preview single-target TREM2),,{'rank': 6},lin_5ff8e19af1,,mythos_preview_single
mythos_preview_single_target_trem2_rank07,0,backbone_generation,rfdiffusion3,RFdiffusion3,,"{'generator': 'RFdiffusion3', 'class': 'diffusion', 'root_backbone_id': 'bb_db372b7b9c'}",bb_db372b7b9c,,mythos_preview_single
mythos_preview_single_target_trem2_rank07,1,sequence_design,solublempnn,SolubleMPNN,,{},bb_db372b7b9c,,mythos_preview_single
mythos_preview_single_target_trem2_rank07,2,filter/refold,screen_refold,"In-loop refold screen (Protenix, 1 seed)",,"{'instrument': 'ptxv2', 'ipSAE': 0.915581, 'sc_DockQ': 0.841093}",bb_db372b7b9c,,mythos_preview_single
mythos_preview_single_target_trem2_rank07,3,optimization,mpnn_resample,Multi-seed SolubleMPNN resample + refold,1.0,"{'round': 1, 'strategy': 'mpnn_resample'}",lin_5f8f38a315,,mythos_preview_single
mythos_preview_single_target_trem2_rank07,4,filter/refold,screen_refold,"In-loop refold screen (Protenix, 1 seed)",,"{'instrument': 'ptxv2', 'ipSAE': 0.685587, 'sc_DockQ': 0.831185}",lin_5f8f38a315,,mythos_preview_single
mythos_preview_single_target_trem2_rank07,5,optimization,mpnn_resample,Multi-seed SolubleMPNN resample + refold,2.0,"{'round': 2, 'strategy': 'mpnn_resample'}",lin_9fe1e547d1,,mythos_preview_single
mythos_preview_single_target_trem2_rank07,6,filter/refold,screen_refold,"In-loop refold screen (Protenix, 1 seed)",,"{'instrument': 'ptxv2', 'ipSAE': 0.723229, 'sc_DockQ': 0.838654}",lin_9fe1e547d1,,mythos_preview_single
mythos_preview_single_target_trem2_rank07,7,filter/refold,final_ranking,"Final ranking gate (rank z-score across instruments, 5 seeds)",,"{'gate_instruments': ['ptxv2', 'ef2full', 'ef2fast'], 'ipSAE_ptxv2': 0.9156736955597292, 'sc_DockQ_ptxv2': 0.8503, 'selection_relaxation_step': None}",lin_5588558f2f,,mythos_preview_single
mythos_preview_single_target_trem2_rank07,8,selection,selected_for_order,Selected for synthesis (rank 7 in Mythos Preview single-target TREM2),,{'rank': 7},lin_5588558f2f,,mythos_preview_single
mythos_preview_single_target_trem2_rank08,0,backbone_generation,rfdiffusion3,RFdiffusion3,,"{'generator': 'RFdiffusion3', 'class': 'diffusion', 'root_backbone_id': 'bb_9e854f3762'}",bb_9e854f3762,,mythos_preview_single
mythos_preview_single_target_trem2_rank08,1,sequence_design,solublempnn,SolubleMPNN,,{},bb_9e854f3762,,mythos_preview_single
mythos_preview_single_target_trem2_rank08,2,filter/refold,screen_refold,"In-loop refold screen (Protenix, 1 seed)",,"{'instrument': 'ptxv2', 'ipSAE': 0.632236, 'sc_DockQ': 0.802076}",bb_9e854f3762,,mythos_preview_single
mythos_preview_single_target_trem2_rank08,3,optimization,mpnn_resample,Multi-seed SolubleMPNN resample + refold,1.0,"{'round': 1, 'strategy': 'mpnn_resample'}",lin_aa35f04453,,mythos_preview_single
mythos_preview_single_target_trem2_rank08,4,filter/refold,screen_refold,"In-loop refold screen (Protenix, 1 seed)",,"{'instrument': 'ptxv2', 'ipSAE': 0.719378, 'sc_DockQ': 0.684569}",lin_aa35f04453,,mythos_preview_single
mythos_preview_single_target_trem2_rank08,5,optimization,mpnn_resample,Multi-seed SolubleMPNN resample + refold,2.0,"{'round': 2, 'strategy': 'mpnn_resample'}",lin_37dfa3c776,,mythos_preview_single
mythos_preview_single_target_trem2_rank08,6,filter/refold,screen_refold,"In-loop refold screen (Protenix, 1 seed)",,"{'instrument': 'ptxv2', 'ipSAE': 0.76217, 'sc_DockQ': 0.709396}",lin_37dfa3c776,,mythos_preview_single
mythos_preview_single_target_trem2_rank08,7,optimization,mpnn_resample,Multi-seed SolubleMPNN resample + refold,3.0,"{'round': 3, 'strategy': 'mpnn_resample'}",lin_eb31ab0443,,mythos_preview_single
mythos_preview_single_target_trem2_rank08,8,filter/refold,screen_refold,"In-loop refold screen (Protenix, 1 seed)",,"{'instrument': 'ptxv2', 'ipSAE': 0.75711, 'sc_DockQ': 0.679441}",lin_eb31ab0443,,mythos_preview_single
mythos_preview_single_target_trem2_rank08,9,filter/refold,final_ranking,"Final ranking gate (rank z-score across instruments, 5 seeds)",,"{'gate_instruments': ['ptxv2', 'ef2full', 'ef2fast'], 'ipSAE_ptxv2': 0.9113757550826456, 'sc_DockQ_ptxv2': 0.7821, 'selection_relaxation_step': None}",lin_eae100703a,,mythos_preview_single
mythos_preview_single_target_trem2_rank08,10,selection,selected_for_order,Selected for synthesis (rank 8 in Mythos Preview single-target TREM2),,{'rank': 8},lin_eae100703a,,mythos_preview_single
mythos_preview_single_target_trem2_rank09,0,backbone_generation,rfdiffusion3,RFdiffusion3,,"{'generator': 'RFdiffusion3', 'class': 'diffusion', 'root_backbone_id': 'bb_9e854f3762'}",bb_9e854f3762,,mythos_preview_single
mythos_preview_single_target_trem2_rank09,1,sequence_design,solublempnn,SolubleMPNN,,{},bb_9e854f3762,,mythos_preview_single
mythos_preview_single_target_trem2_rank09,2,filter/refold,screen_refold,"In-loop refold screen (Protenix, 1 seed)",,"{'instrument': 'ptxv2', 'ipSAE': 0.632236, 'sc_DockQ': 0.802076}",bb_9e854f3762,,mythos_preview_single
mythos_preview_single_target_trem2_rank09,3,optimization,mpnn_resample,Multi-seed SolubleMPNN resample + refold,1.0,"{'round': 1, 'strategy': 'mpnn_resample'}",lin_aa35f04453,,mythos_preview_single
mythos_preview_single_target_trem2_rank09,4,filter/refold,screen_refold,"In-loop refold screen (Protenix, 1 seed)",,"{'instrument': 'ptxv2', 'ipSAE': 0.719378, 'sc_DockQ': 0.684569}",lin_aa35f04453,,mythos_preview_single
mythos_preview_single_target_trem2_rank09,5,optimization,mpnn_resample,Multi-seed SolubleMPNN resample + refold,2.0,"{'round': 2, 'strategy': 'mpnn_resample'}",lin_37dfa3c776,,mythos_preview_single
mythos_preview_single_target_trem2_rank09,6,filter/refold,screen_refold,"In-loop refold screen (Protenix, 1 seed)",,"{'instrument': 'ptxv2', 'ipSAE': 0.775731, 'sc_DockQ': 0.732504}",lin_37dfa3c776,,mythos_preview_single
mythos_preview_single_target_trem2_rank09,7,optimization,mpnn_resample,Multi-seed SolubleMPNN resample + refold,3.0,"{'round': 3, 'strategy': 'mpnn_resample'}",lin_eb31ab0443,,mythos_preview_single
mythos_preview_single_target_trem2_rank09,8,filter/refold,screen_refold,"In-loop refold screen (Protenix, 1 seed)",,"{'instrument': 'ptxv2', 'ipSAE': 0.765188, 'sc_DockQ': 0.697154}",lin_eb31ab0443,,mythos_preview_single
mythos_preview_single_target_trem2_rank09,9,optimization,mpnn_resample,Multi-seed SolubleMPNN resample + refold,4.0,"{'round': 4, 'strategy': 'mpnn_resample'}",lin_825696f56b,,mythos_preview_single
mythos_preview_single_target_trem2_rank09,10,filter/refold,screen_refold,"In-loop refold screen (Protenix, 1 seed)",,{'instrument': 'ptxv2'},lin_825696f56b,,mythos_preview_single
mythos_preview_single_target_trem2_rank09,11,optimization,mpnn_resample,Multi-seed SolubleMPNN resample + refold,5.0,"{'round': 5, 'strategy': 'mpnn_resample'}",lin_f459525c4e,,mythos_preview_single
mythos_preview_single_target_trem2_rank09,12,filter/refold,screen_refold,"In-loop refold screen (Protenix, 1 seed)",,"{'instrument': 'ptxv2', 'ipSAE': 0.761308, 'sc_DockQ': 0.702887}",lin_f459525c4e,,mythos_preview_single
mythos_preview_single_target_trem2_rank09,13,filter/refold,final_ranking,"Final ranking gate (rank z-score across instruments, 5 seeds)",,"{'gate_instruments': ['ptxv2', 'ef2full', 'ef2fast'], 'ipSAE_ptxv2': 0.9124268752269568, 'sc_DockQ_ptxv2': 0.7925, 'selection_relaxation_step': None}",lin_fe96394d7c,,mythos_preview_single
mythos_preview_single_target_trem2_rank09,14,selection,selected_for_order,Selected for synthesis (rank 9 in Mythos Preview single-target TREM2),,{'rank': 9},lin_fe96394d7c,,mythos_preview_single
mythos_preview_single_target_trem2_rank10,0,backbone_generation,rfdiffusion3,RFdiffusion3,,"{'generator': 'RFdiffusion3', 'class': 'diffusion', 'root_backbone_id': 'bb_19e78e70ae'}",bb_19e78e70ae,,mythos_preview_single
mythos_preview_single_target_trem2_rank10,1,sequence_design,solublempnn,SolubleMPNN,,{},bb_19e78e70ae,,mythos_preview_single
mythos_preview_single_target_trem2_rank10,2,filter/refold,screen_refold,"In-loop refold screen (Protenix, 1 seed)",,"{'instrument': 'ptxv2', 'ipSAE': 0.894456, 'sc_DockQ': 0.891171}",bb_19e78e70ae,,mythos_preview_single
mythos_preview_single_target_trem2_rank10,3,filter/refold,final_ranking,"Final ranking gate (rank z-score across instruments, 5 seeds)",,"{'gate_instruments': ['ptxv2', 'ef2full', 'ef2fast'], 'ipSAE_ptxv2': 0.8945886538357025, 'sc_DockQ_ptxv2': 0.912, 'selection_relaxation_step': None}",lin_8054c55e15,,mythos_preview_single
mythos_preview_single_target_trem2_rank10,4,selection,selected_for_order,Selected for synthesis (rank 10 in Mythos Preview single-target TREM2),,{'rank': 10},lin_8054c55e15,,mythos_preview_single
mythos_preview_single_target_trem2_rank11,0,backbone_generation,rfdiffusion3,RFdiffusion3,,"{'generator': 'RFdiffusion3', 'class': 'diffusion', 'root_backbone_id': 'bb_a99e41e355'}",bb_a99e41e355,,mythos_preview_single
mythos_preview_single_target_trem2_rank11,1,sequence_design,solublempnn,SolubleMPNN,,{},bb_a99e41e355,,mythos_preview_single
mythos_preview_single_target_trem2_rank11,2,filter/refold,screen_refold,"In-loop refold screen (Protenix, 1 seed)",,"{'instrument': 'ptxv2', 'ipSAE': 0.669564, 'sc_DockQ': 0.768162}",bb_a99e41e355,,mythos_preview_single
mythos_preview_single_target_trem2_rank11,3,optimization,mpnn_resample,Multi-seed SolubleMPNN resample + refold,1.0,"{'round': 1, 'strategy': 'mpnn_resample'}",lin_5cc150f2c8,,mythos_preview_single
mythos_preview_single_target_trem2_rank11,4,filter/refold,screen_refold,"In-loop refold screen (Protenix, 1 seed)",,"{'instrument': 'ptxv2', 'ipSAE': 0.715979, 'sc_DockQ': 0.768717}",lin_5cc150f2c8,,mythos_preview_single
mythos_preview_single_target_trem2_rank11,5,optimization,mpnn_resample,Multi-seed SolubleMPNN resample + refold,2.0,"{'round': 2, 'strategy': 'mpnn_resample'}",lin_42c5b8e346,,mythos_preview_single
mythos_preview_single_target_trem2_rank11,6,filter/refold,screen_refold,"In-loop refold screen (Protenix, 1 seed)",,"{'instrument': 'ptxv2', 'ipSAE': 0.711927, 'sc_DockQ': 0.694342}",lin_42c5b8e346,,mythos_preview_single
mythos_preview_single_target_trem2_rank11,7,filter/refold,final_ranking,"Final ranking gate (rank z-score across instruments, 5 seeds)",,"{'gate_instruments': ['ptxv2', 'ef2full', 'ef2fast'], 'ipSAE_ptxv2': 0.8948844853412098, 'sc_DockQ_ptxv2': 0.7599, 'selection_relaxation_step': None}",lin_b54cc24f29,,mythos_preview_single
mythos_preview_single_target_trem2_rank11,8,selection,selected_for_order,Selected for synthesis (rank 11 in Mythos Preview single-target TREM2),,{'rank': 11},lin_b54cc24f29,,mythos_preview_single
mythos_preview_single_target_trem2_rank12,0,backbone_generation,pxdesign,PXDesign,,"{'generator': 'PXDesign', 'class': 'diffusion', 'root_backbone_id': 'bb_dd1aec138d'}",bb_dd1aec138d,,mythos_preview_single
mythos_preview_single_target_trem2_rank12,1,sequence_design,solublempnn,SolubleMPNN,,{},bb_dd1aec138d,,mythos_preview_single
mythos_preview_single_target_trem2_rank12,2,filter/refold,screen_refold,"In-loop refold screen (Protenix, 1 seed)",,"{'instrument': 'ptxv2', 'ipSAE': 0.604117, 'sc_DockQ': 0.869991}",bb_dd1aec138d,,mythos_preview_single
mythos_preview_single_target_trem2_rank12,3,optimization,mpnn_resample,Multi-seed SolubleMPNN resample + refold,1.0,"{'round': 1, 'strategy': 'mpnn_resample'}",lin_63d19bff07,,mythos_preview_single
mythos_preview_single_target_trem2_rank12,4,filter/refold,screen_refold,"In-loop refold screen (Protenix, 1 seed)",,"{'instrument': 'ptxv2', 'ipSAE': 0.68797, 'sc_DockQ': 0.786897}",lin_63d19bff07,,mythos_preview_single
mythos_preview_single_target_trem2_rank12,5,optimization,mpnn_resample,Multi-seed SolubleMPNN resample + refold,2.0,"{'round': 2, 'strategy': 'mpnn_resample'}",lin_36fe95b96d,,mythos_preview_single
mythos_preview_single_target_trem2_rank12,6,filter/refold,screen_refold,"In-loop refold screen (Protenix, 1 seed)",,"{'instrument': 'ptxv2', 'ipSAE': 0.733442, 'sc_DockQ': 0.767675}",lin_36fe95b96d,,mythos_preview_single
mythos_preview_single_target_trem2_rank12,7,optimization,mpnn_resample,Multi-seed SolubleMPNN resample + refold,3.0,"{'round': 3, 'strategy': 'mpnn_resample'}",lin_7d1b728b58,,mythos_preview_single
mythos_preview_single_target_trem2_rank12,8,filter/refold,screen_refold,"In-loop refold screen (Protenix, 1 seed)",,"{'instrument': 'ptxv2', 'ipSAE': 0.72961, 'sc_DockQ': 0.817863}",lin_7d1b728b58,,mythos_preview_single
mythos_preview_single_target_trem2_rank12,9,filter/refold,final_ranking,"Final ranking gate (rank z-score across instruments, 5 seeds)",,"{'gate_instruments': ['ptxv2', 'ef2full', 'ef2fast'], 'ipSAE_ptxv2': 0.8994139275617439, 'sc_DockQ_ptxv2': 0.814, 'selection_relaxation_step': None}",lin_98588b6367,,mythos_preview_single
mythos_preview_single_target_trem2_rank12,10,selection,selected_for_order,Selected for synthesis (rank 12 in Mythos Preview single-target TREM2),,{'rank': 12},lin_98588b6367,,mythos_preview_single
mythos_preview_single_target_trem2_rank13,0,backbone_generation,rfdiffusion3,RFdiffusion3,,"{'generator': 'RFdiffusion3', 'class': 'diffusion', 'root_backbone_id': 'bb_860df8ff3f'}",bb_860df8ff3f,,mythos_preview_single
mythos_preview_single_target_trem2_rank13,1,sequence_design,solublempnn,SolubleMPNN,,{},bb_860df8ff3f,,mythos_preview_single
mythos_preview_single_target_trem2_rank13,2,filter/refold,screen_refold,"In-loop refold screen (Protenix, 1 seed)",,"{'instrument': 'ptxv2', 'ipSAE': 0.893904, 'sc_DockQ': 0.892382}",bb_860df8ff3f,,mythos_preview_single
mythos_preview_single_target_trem2_rank13,3,filter/refold,final_ranking,"Final ranking gate (rank z-score across instruments, 5 seeds)",,"{'gate_instruments': ['ptxv2', 'ef2full', 'ef2fast'], 'ipSAE_ptxv2': 0.894002312450745, 'sc_DockQ_ptxv2': 0.9407, 'selection_relaxation_step': None}",lin_ed09feb4c3,,mythos_preview_single
mythos_preview_single_target_trem2_rank13,4,selection,selected_for_order,Selected for synthesis (rank 13 in Mythos Preview single-target TREM2),,{'rank': 13},lin_ed09feb4c3,,mythos_preview_single
mythos_preview_single_target_trem2_rank14,0,backbone_generation,pxdesign,PXDesign,,"{'generator': 'PXDesign', 'class': 'diffusion', 'root_backbone_id': 'bb_dd1aec138d'}",bb_dd1aec138d,,mythos_preview_single
mythos_preview_single_target_trem2_rank14,1,sequence_design,solublempnn,SolubleMPNN,,{},bb_dd1aec138d,,mythos_preview_single
mythos_preview_single_target_trem2_rank14,2,filter/refold,screen_refold,"In-loop refold screen (Protenix, 1 seed)",,"{'instrument': 'ptxv2', 'ipSAE': 0.678979, 'sc_DockQ': 0.858267}",bb_dd1aec138d,,mythos_preview_single
mythos_preview_single_target_trem2_rank14,3,optimization,mpnn_resample,Multi-seed SolubleMPNN resample + refold,1.0,"{'round': 1, 'strategy': 'mpnn_resample'}",lin_63d19bff07,,mythos_preview_single
mythos_preview_single_target_trem2_rank14,4,filter/refold,screen_refold,"In-loop refold screen (Protenix, 1 seed)",,{'instrument': 'ptxv2'},lin_63d19bff07,,mythos_preview_single
mythos_preview_single_target_trem2_rank14,5,optimization,mpnn_resample,Multi-seed SolubleMPNN resample + refold,2.0,"{'round': 2, 'strategy': 'mpnn_resample'}",lin_36fe95b96d,,mythos_preview_single
mythos_preview_single_target_trem2_rank14,6,filter/refold,screen_refold,"In-loop refold screen (Protenix, 1 seed)",,"{'instrument': 'ptxv2', 'ipSAE': 0.715999, 'sc_DockQ': 0.81504}",lin_36fe95b96d,,mythos_preview_single
mythos_preview_single_target_trem2_rank14,7,filter/refold,final_ranking,"Final ranking gate (rank z-score across instruments, 5 seeds)",,"{'gate_instruments': ['ptxv2', 'ef2full', 'ef2fast'], 'ipSAE_ptxv2': 0.8951809575074491, 'sc_DockQ_ptxv2': 0.8314, 'selection_relaxation_step': None}",lin_bc8a3335ea,,mythos_preview_single
mythos_preview_single_target_trem2_rank14,8,selection,selected_for_order,Selected for synthesis (rank 14 in Mythos Preview single-target TREM2),,{'rank': 14},lin_bc8a3335ea,,mythos_preview_single
mythos_preview_single_target_trem2_rank15,0,backbone_generation,pxdesign,PXDesign,,"{'generator': 'PXDesign', 'class': 'diffusion', 'root_backbone_id': 'bb_826b914a28'}",bb_826b914a28,,mythos_preview_single
mythos_preview_single_target_trem2_rank15,1,sequence_design,solublempnn,SolubleMPNN,,{},bb_826b914a28,,mythos_preview_single
mythos_preview_single_target_trem2_rank15,2,filter/refold,screen_refold,"In-loop refold screen (Protenix, 1 seed)",,"{'instrument': 'ptxv2', 'ipSAE': 0.895991, 'sc_DockQ': 0.823516}",bb_826b914a28,,mythos_preview_single
mythos_preview_single_target_trem2_rank15,3,filter/refold,final_ranking,"Final ranking gate (rank z-score across instruments, 5 seeds)",,"{'gate_instruments': ['ptxv2', 'ef2full', 'ef2fast'], 'ipSAE_ptxv2': 0.896403610394784, 'sc_DockQ_ptxv2': 0.7946, 'selection_relaxation_step': None}",lin_32c55aeee2,,mythos_preview_single
mythos_preview_single_target_trem2_rank15,4,selection,selected_for_order,Selected for synthesis (rank 15 in Mythos Preview single-target TREM2),,{'rank': 15},lin_32c55aeee2,,mythos_preview_single
mythos_preview_single_target_trem2_rank16,0,backbone_generation,rfdiffusion3,RFdiffusion3,,"{'generator': 'RFdiffusion3', 'class': 'diffusion', 'root_backbone_id': 'bb_a99e41e355'}",bb_a99e41e355,,mythos_preview_single
mythos_preview_single_target_trem2_rank16,1,sequence_design,solublempnn,SolubleMPNN,,{},bb_a99e41e355,,mythos_preview_single
mythos_preview_single_target_trem2_rank16,2,filter/refold,screen_refold,"In-loop refold screen (Protenix, 1 seed)",,"{'instrument': 'ptxv2', 'ipSAE': 0.669564, 'sc_DockQ': 0.768162}",bb_a99e41e355,,mythos_preview_single
mythos_preview_single_target_trem2_rank16,3,optimization,mpnn_resample,Multi-seed SolubleMPNN resample + refold,1.0,"{'round': 1, 'strategy': 'mpnn_resample'}",lin_5cc150f2c8,,mythos_preview_single
mythos_preview_single_target_trem2_rank16,4,filter/refold,screen_refold,"In-loop refold screen (Protenix, 1 seed)",,"{'instrument': 'ptxv2', 'ipSAE': 0.69747, 'sc_DockQ': 0.720514}",lin_5cc150f2c8,,mythos_preview_single
mythos_preview_single_target_trem2_rank16,5,filter/refold,final_ranking,"Final ranking gate (rank z-score across instruments, 5 seeds)",,"{'gate_instruments': ['ptxv2', 'ef2full', 'ef2fast'], 'ipSAE_ptxv2': 0.8924008348003236, 'sc_DockQ_ptxv2': 0.7936, 'selection_relaxation_step': None}",lin_471a09e204,,mythos_preview_single
mythos_preview_single_target_trem2_rank16,6,selection,selected_for_order,Selected for synthesis (rank 16 in Mythos Preview single-target TREM2),,{'rank': 16},lin_471a09e204,,mythos_preview_single
mythos_preview_single_target_trem2_rank17,0,backbone_generation,proteina,Proteina-Complexa,,"{'generator': 'Proteina-Complexa', 'class': 'flow/other', 'root_backbone_id': 'bb_abb99afe20'}",bb_abb99afe20,,mythos_preview_single
mythos_preview_single_target_trem2_rank17,1,sequence_design,solublempnn,SolubleMPNN,,{},bb_abb99afe20,,mythos_preview_single
mythos_preview_single_target_trem2_rank17,2,filter/refold,screen_refold,"In-loop refold screen (Protenix, 1 seed)",,"{'instrument': 'ptxv2', 'ipSAE': 0.894456, 'sc_DockQ': 0.918602}",bb_abb99afe20,,mythos_preview_single
mythos_preview_single_target_trem2_rank17,3,filter/refold,final_ranking,"Final ranking gate (rank z-score across instruments, 5 seeds)",,"{'gate_instruments': ['ptxv2', 'ef2full', 'ef2fast'], 'ipSAE_ptxv2': 0.8944562266234312, 'sc_DockQ_ptxv2': 0.9107, 'selection_relaxation_step': None}",lin_ab971330a1,,mythos_preview_single
mythos_preview_single_target_trem2_rank17,4,selection,selected_for_order,Selected for synthesis (rank 17 in Mythos Preview single-target TREM2),,{'rank': 17},lin_ab971330a1,,mythos_preview_single
mythos_preview_single_target_trem2_rank18,0,backbone_generation,rfdiffusion3,RFdiffusion3,,"{'generator': 'RFdiffusion3', 'class': 'diffusion', 'root_backbone_id': 'bb_19e78e70ae'}",bb_19e78e70ae,,mythos_preview_single
mythos_preview_single_target_trem2_rank18,1,sequence_design,solublempnn,SolubleMPNN,,{},bb_19e78e70ae,,mythos_preview_single
mythos_preview_single_target_trem2_rank18,2,filter/refold,screen_refold,"In-loop refold screen (Protenix, 1 seed)",,"{'instrument': 'ptxv2', 'ipSAE': 0.892273, 'sc_DockQ': 0.915416}",bb_19e78e70ae,,mythos_preview_single
mythos_preview_single_target_trem2_rank18,3,filter/refold,final_ranking,"Final ranking gate (rank z-score across instruments, 5 seeds)",,"{'gate_instruments': ['ptxv2', 'ef2full', 'ef2fast'], 'ipSAE_ptxv2': 0.906283661534912, 'sc_DockQ_ptxv2': 0.9348, 'selection_relaxation_step': None}",lin_bcbdc17d34,,mythos_preview_single
mythos_preview_single_target_trem2_rank18,4,selection,selected_for_order,Selected for synthesis (rank 18 in Mythos Preview single-target TREM2),,{'rank': 18},lin_bcbdc17d34,,mythos_preview_single
mythos_preview_single_target_trem2_rank19,0,backbone_generation,pxdesign,PXDesign,,"{'generator': 'PXDesign', 'class': 'diffusion', 'root_backbone_id': 'bb_5aae4c6c7a'}",bb_5aae4c6c7a,,mythos_preview_single
mythos_preview_single_target_trem2_rank19,1,sequence_design,solublempnn,SolubleMPNN,,{},bb_5aae4c6c7a,,mythos_preview_single
mythos_preview_single_target_trem2_rank19,2,filter/refold,screen_refold,"In-loop refold screen (Protenix, 1 seed)",,"{'instrument': 'ptxv2', 'ipSAE': 0.46028, 'sc_DockQ': 0.760117}",bb_5aae4c6c7a,,mythos_preview_single
mythos_preview_single_target_trem2_rank19,3,optimization,mpnn_resample,Multi-seed SolubleMPNN resample + refold,1.0,"{'round': 1, 'strategy': 'mpnn_resample'}",lin_1729690942,,mythos_preview_single
mythos_preview_single_target_trem2_rank19,4,filter/refold,screen_refold,"In-loop refold screen (Protenix, 1 seed)",,"{'instrument': 'ptxv2', 'ipSAE': 0.732849, 'sc_DockQ': 0.697113}",lin_1729690942,,mythos_preview_single
mythos_preview_single_target_trem2_rank19,5,optimization,mpnn_resample,Multi-seed SolubleMPNN resample + refold,2.0,"{'round': 2, 'strategy': 'mpnn_resample'}",lin_1c12f533c3,,mythos_preview_single
mythos_preview_single_target_trem2_rank19,6,filter/refold,screen_refold,"In-loop refold screen (Protenix, 1 seed)",,{'instrument': 'ptxv2'},lin_1c12f533c3,,mythos_preview_single
mythos_preview_single_target_trem2_rank19,7,optimization,mpnn_resample,Multi-seed SolubleMPNN resample + refold,3.0,"{'round': 3, 'strategy': 'mpnn_resample'}",lin_820fd6b801,,mythos_preview_single
mythos_preview_single_target_trem2_rank19,8,filter/refold,screen_refold,"In-loop refold screen (Protenix, 1 seed)",,"{'instrument': 'ptxv2', 'ipSAE': 0.773011, 'sc_DockQ': 0.723206}",lin_820fd6b801,,mythos_preview_single
mythos_preview_single_target_trem2_rank19,9,optimization,mpnn_resample,Multi-seed SolubleMPNN resample + refold,4.0,"{'round': 4, 'strategy': 'mpnn_resample'}",lin_8b406b7c90,,mythos_preview_single
mythos_preview_single_target_trem2_rank19,10,filter/refold,screen_refold,"In-loop refold screen (Protenix, 1 seed)",,{'instrument': 'ptxv2'},lin_8b406b7c90,,mythos_preview_single
mythos_preview_single_target_trem2_rank19,11,optimization,mpnn_resample,Multi-seed SolubleMPNN resample + refold,5.0,"{'round': 5, 'strategy': 'mpnn_resample'}",lin_afc43392ab,,mythos_preview_single
mythos_preview_single_target_trem2_rank19,12,filter/refold,screen_refold,"In-loop refold screen (Protenix, 1 seed)",,"{'instrument': 'ptxv2', 'ipSAE': 0.786782, 'sc_DockQ': 0.702848}",lin_afc43392ab,,mythos_preview_single
mythos_preview_single_target_trem2_rank19,13,filter/refold,final_ranking,"Final ranking gate (rank z-score across instruments, 5 seeds)",,"{'gate_instruments': ['ptxv2', 'ef2full', 'ef2fast'], 'ipSAE_ptxv2': 0.90813572444369, 'sc_DockQ_ptxv2': 0.7485, 'selection_relaxation_step': None}",lin_c31925046a,,mythos_preview_single
mythos_preview_single_target_trem2_rank19,14,selection,selected_for_order,Selected for synthesis (rank 19 in Mythos Preview single-target TREM2),,{'rank': 19},lin_c31925046a,,mythos_preview_single
mythos_preview_single_target_trem2_rank20,0,backbone_generation,pxdesign,PXDesign,,"{'generator': 'PXDesign', 'class': 'diffusion', 'root_backbone_id': 'bb_6aa6317478'}",bb_6aa6317478,,mythos_preview_single
mythos_preview_single_target_trem2_rank20,1,sequence_design,solublempnn,SolubleMPNN,,{},bb_6aa6317478,,mythos_preview_single
mythos_preview_single_target_trem2_rank20,2,filter/refold,screen_refold,"In-loop refold screen (Protenix, 1 seed)",,"{'instrument': 'ptxv2', 'ipSAE': 0.86216, 'sc_DockQ': 0.850723}",bb_6aa6317478,,mythos_preview_single
mythos_preview_single_target_trem2_rank20,3,filter/refold,final_ranking,"Final ranking gate (rank z-score across instruments, 5 seeds)",,"{'gate_instruments': ['ptxv2', 'ef2full', 'ef2fast'], 'ipSAE_ptxv2': 0.8621604785065146, 'sc_DockQ_ptxv2': 0.8389, 'selection_relaxation_step': None}",lin_924efe71f8,,mythos_preview_single
mythos_preview_single_target_trem2_rank20,4,selection,selected_for_order,Selected for synthesis (rank 20 in Mythos Preview single-target TREM2),,{'rank': 20},lin_924efe71f8,,mythos_preview_single
mythos_preview_single_target_trem2_rank21,0,backbone_generation,pxdesign,PXDesign,,"{'generator': 'PXDesign', 'class': 'diffusion', 'root_backbone_id': 'bb_94c3f7d23c'}",bb_94c3f7d23c,,mythos_preview_single
mythos_preview_single_target_trem2_rank21,1,sequence_design,solublempnn,SolubleMPNN,,{},bb_94c3f7d23c,,mythos_preview_single
mythos_preview_single_target_trem2_rank21,2,filter/refold,screen_refold,"In-loop refold screen (Protenix, 1 seed)",,"{'instrument': 'ptxv2', 'ipSAE': 0.581815, 'sc_DockQ': 0.836675}",bb_94c3f7d23c,,mythos_preview_single
mythos_preview_single_target_trem2_rank21,3,optimization,mpnn_resample,Multi-seed SolubleMPNN resample + refold,1.0,"{'round': 1, 'strategy': 'mpnn_resample'}",lin_8238b36c09,,mythos_preview_single
mythos_preview_single_target_trem2_rank21,4,filter/refold,screen_refold,"In-loop refold screen (Protenix, 1 seed)",,"{'instrument': 'ptxv2', 'ipSAE': 0.719955, 'sc_DockQ': 0.694023}",lin_8238b36c09,,mythos_preview_single
mythos_preview_single_target_trem2_rank21,5,optimization,mpnn_resample,Multi-seed SolubleMPNN resample + refold,2.0,"{'round': 2, 'strategy': 'mpnn_resample'}",lin_51dc8b4b10,,mythos_preview_single
mythos_preview_single_target_trem2_rank21,6,filter/refold,screen_refold,"In-loop refold screen (Protenix, 1 seed)",,"{'instrument': 'ptxv2', 'ipSAE': 0.746331, 'sc_DockQ': 0.709752}",lin_51dc8b4b10,,mythos_preview_single
mythos_preview_single_target_trem2_rank21,7,filter/refold,final_ranking,"Final ranking gate (rank z-score across instruments, 5 seeds)",,"{'gate_instruments': ['ptxv2', 'ef2full', 'ef2fast'], 'ipSAE_ptxv2': 0.8990417475352394, 'sc_DockQ_ptxv2': 0.7901, 'selection_relaxation_step': None}",lin_099b285618,,mythos_preview_single
mythos_preview_single_target_trem2_rank21,8,selection,selected_for_order,Selected for synthesis (rank 21 in Mythos Preview single-target TREM2),,{'rank': 21},lin_099b285618,,mythos_preview_single
mythos_preview_single_target_trem2_rank22,0,backbone_generation,pxdesign,PXDesign,,"{'generator': 'PXDesign', 'class': 'diffusion', 'root_backbone_id': 'bb_d2c8ac3283'}",bb_d2c8ac3283,,mythos_preview_single
mythos_preview_single_target_trem2_rank22,1,sequence_design,solublempnn,SolubleMPNN,,{},bb_d2c8ac3283,,mythos_preview_single
mythos_preview_single_target_trem2_rank22,2,filter/refold,screen_refold,"In-loop refold screen (Protenix, 1 seed)",,"{'instrument': 'ptxv2', 'ipSAE': 0.541292, 'sc_DockQ': 0.774143}",bb_d2c8ac3283,,mythos_preview_single
mythos_preview_single_target_trem2_rank22,3,optimization,mpnn_resample,Multi-seed SolubleMPNN resample + refold,1.0,"{'round': 1, 'strategy': 'mpnn_resample'}",lin_839ce7949a,,mythos_preview_single
mythos_preview_single_target_trem2_rank22,4,filter/refold,screen_refold,"In-loop refold screen (Protenix, 1 seed)",,"{'instrument': 'ptxv2', 'ipSAE': 0.685139, 'sc_DockQ': 0.714598}",lin_839ce7949a,,mythos_preview_single
mythos_preview_single_target_trem2_rank22,5,optimization,mpnn_resample,Multi-seed SolubleMPNN resample + refold,2.0,"{'round': 2, 'strategy': 'mpnn_resample'}",lin_1ff54fe0b8,,mythos_preview_single
mythos_preview_single_target_trem2_rank22,6,filter/refold,screen_refold,"In-loop refold screen (Protenix, 1 seed)",,"{'instrument': 'ptxv2', 'ipSAE': 0.716377, 'sc_DockQ': 0.712596}",lin_1ff54fe0b8,,mythos_preview_single
mythos_preview_single_target_trem2_rank22,7,filter/refold,final_ranking,"Final ranking gate (rank z-score across instruments, 5 seeds)",,"{'gate_instruments': ['ptxv2', 'ef2full', 'ef2fast'], 'ipSAE_ptxv2': 0.869742796467486, 'sc_DockQ_ptxv2': 0.75, 'selection_relaxation_step': None}",lin_8c97040ca6,,mythos_preview_single
mythos_preview_single_target_trem2_rank22,8,selection,selected_for_order,Selected for synthesis (rank 22 in Mythos Preview single-target TREM2),,{'rank': 22},lin_8c97040ca6,,mythos_preview_single
mythos_preview_single_target_trem2_rank23,0,backbone_generation,rfdiffusion3,RFdiffusion3,,"{'generator': 'RFdiffusion3', 'class': 'diffusion', 'root_backbone_id': 'bb_3b3af54d2c'}",bb_3b3af54d2c,,mythos_preview_single
mythos_preview_single_target_trem2_rank23,1,sequence_design,solublempnn,SolubleMPNN,,{},bb_3b3af54d2c,,mythos_preview_single
mythos_preview_single_target_trem2_rank23,2,filter/refold,screen_refold,"In-loop refold screen (Protenix, 1 seed)",,"{'instrument': 'ptxv2', 'ipSAE': 0.663812, 'sc_DockQ': 0.864578}",bb_3b3af54d2c,,mythos_preview_single
mythos_preview_single_target_trem2_rank23,3,optimization,mutagenesis,Point-mutation scan + refold,1.0,"{'round': 1, 'strategy': 'mutagenesis'}",lin_c5607bb2b0,,mythos_preview_single
mythos_preview_single_target_trem2_rank23,4,filter/refold,screen_refold,"In-loop refold screen (Protenix, 1 seed)",,"{'instrument': 'ptxv2', 'ipSAE': 0.630873, 'sc_DockQ': 0.85346}",lin_c5607bb2b0,,mythos_preview_single
mythos_preview_single_target_trem2_rank23,5,filter/refold,final_ranking,"Final ranking gate (rank z-score across instruments, 5 seeds)",,"{'gate_instruments': ['ptxv2', 'ef2full', 'ef2fast'], 'ipSAE_ptxv2': 0.8440945204001132, 'sc_DockQ_ptxv2': 0.8711, 'selection_relaxation_step': None}",lin_0da29c8f9d,,mythos_preview_single
mythos_preview_single_target_trem2_rank23,6,selection,selected_for_order,Selected for synthesis (rank 23 in Mythos Preview single-target TREM2),,{'rank': 23},lin_0da29c8f9d,,mythos_preview_single
mythos_preview_single_target_trem2_rank24,0,backbone_generation,pxdesign,PXDesign,,"{'generator': 'PXDesign', 'class': 'diffusion', 'root_backbone_id': 'bb_e82b4c4d28'}",bb_e82b4c4d28,,mythos_preview_single
mythos_preview_single_target_trem2_rank24,1,sequence_design,solublempnn,SolubleMPNN,,{},bb_e82b4c4d28,,mythos_preview_single
mythos_preview_single_target_trem2_rank24,2,filter/refold,screen_refold,"In-loop refold screen (Protenix, 1 seed)",,"{'instrument': 'ptxv2', 'ipSAE': 0.657922, 'sc_DockQ': 0.691421}",bb_e82b4c4d28,,mythos_preview_single
mythos_preview_single_target_trem2_rank24,3,optimization,mutagenesis,Point-mutation scan + refold,1.0,"{'round': 1, 'strategy': 'mutagenesis'}",lin_ac3abca5f9,,mythos_preview_single
mythos_preview_single_target_trem2_rank24,4,filter/refold,screen_refold,"In-loop refold screen (Protenix, 1 seed)",,"{'instrument': 'ptxv2', 'ipSAE': 0.686917, 'sc_DockQ': 0.725478}",lin_ac3abca5f9,,mythos_preview_single
mythos_preview_single_target_trem2_rank24,5,filter/refold,final_ranking,"Final ranking gate (rank z-score across instruments, 5 seeds)",,"{'gate_instruments': ['ptxv2', 'ef2full', 'ef2fast'], 'ipSAE_ptxv2': 0.8545406155695846, 'sc_DockQ_ptxv2': 0.6694, 'selection_relaxation_step': None}",lin_61d324cd34,,mythos_preview_single
mythos_preview_single_target_trem2_rank24,6,selection,selected_for_order,Selected for synthesis (rank 24 in Mythos Preview single-target TREM2),,{'rank': 24},lin_61d324cd34,,mythos_preview_single
mythos_preview_single_target_trem2_rank25,0,backbone_generation,freebindcraft,FreeBindCraft (BindCraft),,"{'generator': 'FreeBindCraft (BindCraft)', 'class': 'hallucination/AF2-based', 'root_backbone_id': 'bb_cf7865519a'}",bb_cf7865519a,,mythos_preview_single
mythos_preview_single_target_trem2_rank25,1,sequence_design,native_co_design,designed jointly by the structure model (native co-design),,{},bb_cf7865519a,,mythos_preview_single
mythos_preview_single_target_trem2_rank25,2,filter/refold,screen_refold,"In-loop refold screen (Protenix, 1 seed)",,"{'instrument': 'ptxv2', 'ipSAE': 0.842541, 'sc_DockQ': 0.867332}",bb_cf7865519a,,mythos_preview_single
mythos_preview_single_target_trem2_rank25,3,filter/refold,final_ranking,"Final ranking gate (rank z-score across instruments, 5 seeds)",,"{'gate_instruments': ['ptxv2', 'ef2full', 'ef2fast'], 'ipSAE_ptxv2': 0.8426842935918668, 'sc_DockQ_ptxv2': 0.9365, 'selection_relaxation_step': None}",lin_0c1dfe7f1b,,mythos_preview_single
mythos_preview_single_target_trem2_rank25,4,selection,selected_for_order,Selected for synthesis (rank 25 in Mythos Preview single-target TREM2),,{'rank': 25},lin_0c1dfe7f1b,,mythos_preview_single
mythos_preview_single_target_trem2_rank26,0,backbone_generation,freebindcraft,FreeBindCraft (BindCraft),,"{'generator': 'FreeBindCraft (BindCraft)', 'class': 'hallucination/AF2-based', 'root_backbone_id': 'bb_75ae16884d'}",bb_75ae16884d,,mythos_preview_single
mythos_preview_single_target_trem2_rank26,1,sequence_design,native_co_design,designed jointly by the structure model (native co-design),,{},bb_75ae16884d,,mythos_preview_single
mythos_preview_single_target_trem2_rank26,2,filter/refold,screen_refold,"In-loop refold screen (Protenix, 1 seed)",,"{'instrument': 'ptxv2', 'ipSAE': 0.812875, 'sc_DockQ': 0.849999}",bb_75ae16884d,,mythos_preview_single
mythos_preview_single_target_trem2_rank26,3,filter/refold,final_ranking,"Final ranking gate (rank z-score across instruments, 5 seeds)",,"{'gate_instruments': ['ptxv2', 'ef2full', 'ef2fast'], 'ipSAE_ptxv2': 0.8128747135081609, 'sc_DockQ_ptxv2': 0.9244, 'selection_relaxation_step': None}",lin_22e1b1824c,,mythos_preview_single
mythos_preview_single_target_trem2_rank26,4,selection,selected_for_order,Selected for synthesis (rank 26 in Mythos Preview single-target TREM2),,{'rank': 26},lin_22e1b1824c,,mythos_preview_single
mythos_preview_single_target_trem2_rank27,0,backbone_generation,freebindcraft,FreeBindCraft (BindCraft),,"{'generator': 'FreeBindCraft (BindCraft)', 'class': 'hallucination/AF2-based', 'root_backbone_id': 'bb_a34f78af56'}",bb_a34f78af56,,mythos_preview_single
mythos_preview_single_target_trem2_rank27,1,sequence_design,native_co_design,designed jointly by the structure model (native co-design),,{},bb_a34f78af56,,mythos_preview_single
mythos_preview_single_target_trem2_rank27,2,filter/refold,screen_refold,"In-loop refold screen (Protenix, 1 seed)",,"{'instrument': 'ptxv2', 'ipSAE': 0.831202, 'sc_DockQ': 0.763179}",bb_a34f78af56,,mythos_preview_single
mythos_preview_single_target_trem2_rank27,3,filter/refold,final_ranking,"Final ranking gate (rank z-score across instruments, 5 seeds)",,"{'gate_instruments': ['ptxv2', 'ef2full', 'ef2fast'], 'ipSAE_ptxv2': 0.8315044557641957, 'sc_DockQ_ptxv2': 0.9231, 'selection_relaxation_step': None}",lin_0bdf7acde7,,mythos_preview_single
mythos_preview_single_target_trem2_rank27,4,selection,selected_for_order,Selected for synthesis (rank 27 in Mythos Preview single-target TREM2),,{'rank': 27},lin_0bdf7acde7,,mythos_preview_single
mythos_preview_single_target_trem2_rank28,0,backbone_generation,freebindcraft,FreeBindCraft (BindCraft),,"{'generator': 'FreeBindCraft (BindCraft)', 'class': 'hallucination/AF2-based', 'root_backbone_id': 'bb_d58724b883'}",bb_d58724b883,,mythos_preview_single
mythos_preview_single_target_trem2_rank28,1,sequence_design,native_co_design,designed jointly by the structure model (native co-design),,{},bb_d58724b883,,mythos_preview_single
mythos_preview_single_target_trem2_rank28,2,filter/refold,screen_refold,"In-loop refold screen (Protenix, 1 seed)",,"{'instrument': 'ptxv2', 'ipSAE': 0.614151, 'sc_DockQ': 0.310469}",bb_d58724b883,,mythos_preview_single
mythos_preview_single_target_trem2_rank28,3,filter/refold,final_ranking,"Final ranking gate (rank z-score across instruments, 5 seeds)",,"{'gate_instruments': ['ptxv2', 'ef2full', 'ef2fast'], 'ipSAE_ptxv2': 0.7634373999612777, 'sc_DockQ_ptxv2': 0.3913, 'selection_relaxation_step': None}",lin_987b42f25b,,mythos_preview_single
mythos_preview_single_target_trem2_rank28,4,selection,selected_for_order,Selected for synthesis (rank 28 in Mythos Preview single-target TREM2),,{'rank': 28},lin_987b42f25b,,mythos_preview_single
mythos_preview_single_target_trem2_rank29,0,backbone_generation,freebindcraft,FreeBindCraft (BindCraft),,"{'generator': 'FreeBindCraft (BindCraft)', 'class': 'hallucination/AF2-based', 'root_backbone_id': 'bb_f84465c546'}",bb_f84465c546,,mythos_preview_single
mythos_preview_single_target_trem2_rank29,1,sequence_design,native_co_design,designed jointly by the structure model (native co-design),,{},bb_f84465c546,,mythos_preview_single
mythos_preview_single_target_trem2_rank29,2,filter/refold,screen_refold,"In-loop refold screen (Protenix, 1 seed)",,"{'instrument': 'ptxv2', 'ipSAE': 0.70311, 'sc_DockQ': 0.44522}",bb_f84465c546,,mythos_preview_single
mythos_preview_single_target_trem2_rank29,3,filter/refold,final_ranking,"Final ranking gate (rank z-score across instruments, 5 seeds)",,"{'gate_instruments': ['ptxv2', 'ef2full', 'ef2fast'], 'ipSAE_ptxv2': 0.7037323401895511, 'sc_DockQ_ptxv2': 0.499, 'selection_relaxation_step': None}",lin_a1675c2c4b,,mythos_preview_single
mythos_preview_single_target_trem2_rank29,4,selection,selected_for_order,Selected for synthesis (rank 29 in Mythos Preview single-target TREM2),,{'rank': 29},lin_a1675c2c4b,,mythos_preview_single
mythos_preview_single_target_trem2_rank30,0,backbone_generation,freebindcraft,FreeBindCraft (BindCraft),,"{'generator': 'FreeBindCraft (BindCraft)', 'class': 'hallucination/AF2-based', 'root_backbone_id': 'bb_e27aa77f2d'}",bb_e27aa77f2d,,mythos_preview_single
mythos_preview_single_target_trem2_rank30,1,sequence_design,native_co_design,designed jointly by the structure model (native co-design),,{},bb_e27aa77f2d,,mythos_preview_single
mythos_preview_single_target_trem2_rank30,2,filter/refold,screen_refold,"In-loop refold screen (Protenix, 1 seed)",,"{'instrument': 'ptxv2', 'ipSAE': 0.543059, 'sc_DockQ': 0.743499}",bb_e27aa77f2d,,mythos_preview_single
mythos_preview_single_target_trem2_rank30,3,filter/refold,final_ranking,"Final ranking gate (rank z-score across instruments, 5 seeds)",,"{'gate_instruments': ['ptxv2', 'ef2full', 'ef2fast'], 'ipSAE_ptxv2': 0.5764369032982936, 'sc_DockQ_ptxv2': 0.878, 'selection_relaxation_step': None}",lin_f55ac09612,,mythos_preview_single
mythos_preview_single_target_trem2_rank30,4,selection,selected_for_order,Selected for synthesis (rank 30 in Mythos Preview single-target TREM2),,{'rank': 30},lin_f55ac09612,,mythos_preview_single
opus_4_8_multi_target_trem2_rank01,0,backbone_generation,pxdesign,PXDesign,,"{'generator': 'PXDesign', 'class': 'diffusion', 'root_backbone_id': 'bb_76a18a3d09'}",bb_76a18a3d09,,opus_4_8_multi
opus_4_8_multi_target_trem2_rank01,1,sequence_design,solublempnn,SolubleMPNN,,{},bb_76a18a3d09,,opus_4_8_multi
opus_4_8_multi_target_trem2_rank01,2,filter/refold,screen_refold,"In-loop refold screen (Protenix, 1 seed)",,"{'instrument': 'ptxv2', 'ipSAE': 0.919349, 'sc_DockQ': 0.955733}",bb_76a18a3d09,,opus_4_8_multi
opus_4_8_multi_target_trem2_rank01,3,filter/refold,final_ranking,"Final ranking gate (rank z-score across instruments, 5 seeds)",,"{'gate_instruments': None, 'ipSAE_ptxv2': 0.9193493588165776, 'sc_DockQ_ptxv2': 0.9557330083867064, 'selection_relaxation_step': None}",lin_efde29098d,,opus_4_8_multi
opus_4_8_multi_target_trem2_rank01,4,selection,selected_for_order,Selected for synthesis (rank 1 in Opus 4.8 multi-target TREM2),,{'rank': 1},lin_efde29098d,,opus_4_8_multi
opus_4_8_multi_target_trem2_rank02,0,backbone_generation,pxdesign,PXDesign,,"{'generator': 'PXDesign', 'class': 'diffusion', 'root_backbone_id': 'bb_3937d9a175'}",bb_3937d9a175,,opus_4_8_multi
opus_4_8_multi_target_trem2_rank02,1,sequence_design,solublempnn,SolubleMPNN,,{},bb_3937d9a175,,opus_4_8_multi
opus_4_8_multi_target_trem2_rank02,2,filter/refold,screen_refold,"In-loop refold screen (Protenix, 1 seed)",,"{'instrument': 'ptxv2', 'ipSAE': 0.897133, 'sc_DockQ': 0.946569}",bb_3937d9a175,,opus_4_8_multi
opus_4_8_multi_target_trem2_rank02,3,filter/refold,final_ranking,"Final ranking gate (rank z-score across instruments, 5 seeds)",,"{'gate_instruments': None, 'ipSAE_ptxv2': 0.8971330983999596, 'sc_DockQ_ptxv2': 0.9465692724886906, 'selection_relaxation_step': None}",lin_b33cf1c1ba,,opus_4_8_multi
opus_4_8_multi_target_trem2_rank02,4,selection,selected_for_order,Selected for synthesis (rank 2 in Opus 4.8 multi-target TREM2),,{'rank': 2},lin_b33cf1c1ba,,opus_4_8_multi
opus_4_8_multi_target_trem2_rank03,0,backbone_generation,pxdesign,PXDesign,,"{'generator': 'PXDesign', 'class': 'diffusion', 'root_backbone_id': 'bb_76a18a3d09'}",bb_76a18a3d09,,opus_4_8_multi
opus_4_8_multi_target_trem2_rank03,1,sequence_design,solublempnn,SolubleMPNN,,{},bb_76a18a3d09,,opus_4_8_multi
opus_4_8_multi_target_trem2_rank03,2,filter/refold,screen_refold,"In-loop refold screen (Protenix, 1 seed)",,"{'instrument': 'ptxv2', 'ipSAE': 0.913376, 'sc_DockQ': 0.931676}",bb_76a18a3d09,,opus_4_8_multi
opus_4_8_multi_target_trem2_rank03,3,filter/refold,final_ranking,"Final ranking gate (rank z-score across instruments, 5 seeds)",,"{'gate_instruments': None, 'ipSAE_ptxv2': 0.9133755632484784, 'sc_DockQ_ptxv2': 0.931675591593702, 'selection_relaxation_step': None}",lin_d132183d1e,,opus_4_8_multi
opus_4_8_multi_target_trem2_rank03,4,selection,selected_for_order,Selected for synthesis (rank 3 in Opus 4.8 multi-target TREM2),,{'rank': 3},lin_d132183d1e,,opus_4_8_multi
opus_4_8_multi_target_trem2_rank04,0,backbone_generation,pxdesign,PXDesign,,"{'generator': 'PXDesign', 'class': 'diffusion', 'root_backbone_id': 'bb_89819380d9'}",bb_89819380d9,,opus_4_8_multi
opus_4_8_multi_target_trem2_rank04,1,sequence_design,solublempnn,SolubleMPNN,,{},bb_89819380d9,,opus_4_8_multi
opus_4_8_multi_target_trem2_rank04,2,filter/refold,screen_refold,"In-loop refold screen (Protenix, 1 seed)",,"{'instrument': 'ptxv2', 'ipSAE': 0.895481, 'sc_DockQ': 0.8254}",bb_89819380d9,,opus_4_8_multi
opus_4_8_multi_target_trem2_rank04,3,filter/refold,final_ranking,"Final ranking gate (rank z-score across instruments, 5 seeds)",,"{'gate_instruments': None, 'ipSAE_ptxv2': 0.8954813812517626, 'sc_DockQ_ptxv2': 0.8253996664802123, 'selection_relaxation_step': None}",lin_a643718e13,,opus_4_8_multi
opus_4_8_multi_target_trem2_rank04,4,selection,selected_for_order,Selected for synthesis (rank 4 in Opus 4.8 multi-target TREM2),,{'rank': 4},lin_a643718e13,,opus_4_8_multi
opus_4_8_multi_target_trem2_rank05,0,backbone_generation,pxdesign,PXDesign,,"{'generator': 'PXDesign', 'class': 'diffusion', 'root_backbone_id': 'bb_cb73571d64'}",bb_cb73571d64,,opus_4_8_multi
opus_4_8_multi_target_trem2_rank05,1,sequence_design,solublempnn,SolubleMPNN,,{},bb_cb73571d64,,opus_4_8_multi
opus_4_8_multi_target_trem2_rank05,2,filter/refold,screen_refold,"In-loop refold screen (Protenix, 1 seed)",,"{'instrument': 'ptxv2', 'ipSAE': 0.903442, 'sc_DockQ': 0.91406}",bb_cb73571d64,,opus_4_8_multi
opus_4_8_multi_target_trem2_rank05,3,filter/refold,final_ranking,"Final ranking gate (rank z-score across instruments, 5 seeds)",,"{'gate_instruments': None, 'ipSAE_ptxv2': 0.9034419587990038, 'sc_DockQ_ptxv2': 0.9140598485856948, 'selection_relaxation_step': None}",lin_5380cb8baf,,opus_4_8_multi
opus_4_8_multi_target_trem2_rank05,4,selection,selected_for_order,Selected for synthesis (rank 5 in Opus 4.8 multi-target TREM2),,{'rank': 5},lin_5380cb8baf,,opus_4_8_multi
opus_4_8_multi_target_trem2_rank06,0,backbone_generation,genie3,Genie3,,"{'generator': 'Genie3', 'class': 'diffusion', 'root_backbone_id': 'bb_f9bf263ab0'}",bb_f9bf263ab0,,opus_4_8_multi
opus_4_8_multi_target_trem2_rank06,1,sequence_design,solublempnn,SolubleMPNN,,{},bb_f9bf263ab0,,opus_4_8_multi
opus_4_8_multi_target_trem2_rank06,2,filter/refold,screen_refold,"In-loop refold screen (Protenix, 1 seed)",,"{'instrument': 'ptxv2', 'ipSAE': 0.881404, 'sc_DockQ': 0.747434}",bb_f9bf263ab0,,opus_4_8_multi
opus_4_8_multi_target_trem2_rank06,3,filter/refold,final_ranking,"Final ranking gate (rank z-score across instruments, 5 seeds)",,"{'gate_instruments': None, 'ipSAE_ptxv2': 0.8814038996602018, 'sc_DockQ_ptxv2': 0.7474344751645688, 'selection_relaxation_step': None}",lin_a30252d575,,opus_4_8_multi
opus_4_8_multi_target_trem2_rank06,4,selection,selected_for_order,Selected for synthesis (rank 6 in Opus 4.8 multi-target TREM2),,{'rank': 6},lin_a30252d575,,opus_4_8_multi
opus_4_8_multi_target_trem2_rank07,0,backbone_generation,pxdesign,PXDesign,,"{'generator': 'PXDesign', 'class': 'diffusion', 'root_backbone_id': 'bb_84e6df951a'}",bb_84e6df951a,,opus_4_8_multi
opus_4_8_multi_target_trem2_rank07,1,sequence_design,solublempnn,SolubleMPNN,,{},bb_84e6df951a,,opus_4_8_multi
opus_4_8_multi_target_trem2_rank07,2,filter/refold,screen_refold,"In-loop refold screen (Protenix, 1 seed)",,"{'instrument': 'ptxv2', 'ipSAE': 0.885911, 'sc_DockQ': 0.103023}",bb_84e6df951a,,opus_4_8_multi
opus_4_8_multi_target_trem2_rank07,3,filter/refold,final_ranking,"Final ranking gate (rank z-score across instruments, 5 seeds)",,"{'gate_instruments': None, 'ipSAE_ptxv2': 0.885910526329011, 'sc_DockQ_ptxv2': 0.1030229911390274, 'selection_relaxation_step': None}",lin_21fbc4aed1,,opus_4_8_multi
opus_4_8_multi_target_trem2_rank07,4,selection,selected_for_order,Selected for synthesis (rank 7 in Opus 4.8 multi-target TREM2),,{'rank': 7},lin_21fbc4aed1,,opus_4_8_multi
opus_4_8_multi_target_trem2_rank08,0,backbone_generation,pxdesign,PXDesign,,"{'generator': 'PXDesign', 'class': 'diffusion', 'root_backbone_id': 'bb_cb73571d64'}",bb_cb73571d64,,opus_4_8_multi
opus_4_8_multi_target_trem2_rank08,1,sequence_design,solublempnn,SolubleMPNN,,{},bb_cb73571d64,,opus_4_8_multi
opus_4_8_multi_target_trem2_rank08,2,filter/refold,screen_refold,"In-loop refold screen (Protenix, 1 seed)",,"{'instrument': 'ptxv2', 'ipSAE': 0.891828, 'sc_DockQ': 0.098518}",bb_cb73571d64,,opus_4_8_multi
opus_4_8_multi_target_trem2_rank08,3,filter/refold,final_ranking,"Final ranking gate (rank z-score across instruments, 5 seeds)",,"{'gate_instruments': None, 'ipSAE_ptxv2': 0.8918275658513631, 'sc_DockQ_ptxv2': 0.0985177872734248, 'selection_relaxation_step': None}",lin_11792d01c8,,opus_4_8_multi
opus_4_8_multi_target_trem2_rank08,4,selection,selected_for_order,Selected for synthesis (rank 8 in Opus 4.8 multi-target TREM2),,{'rank': 8},lin_11792d01c8,,opus_4_8_multi
opus_4_8_multi_target_trem2_rank09,0,backbone_generation,pxdesign,PXDesign,,"{'generator': 'PXDesign', 'class': 'diffusion', 'root_backbone_id': 'bb_2be5c20411'}",bb_2be5c20411,,opus_4_8_multi
opus_4_8_multi_target_trem2_rank09,1,sequence_design,solublempnn,SolubleMPNN,,{},bb_2be5c20411,,opus_4_8_multi
opus_4_8_multi_target_trem2_rank09,2,filter/refold,screen_refold,"In-loop refold screen (Protenix, 1 seed)",,"{'instrument': 'ptxv2', 'ipSAE': 0.88866, 'sc_DockQ': 0.939987}",bb_2be5c20411,,opus_4_8_multi
opus_4_8_multi_target_trem2_rank09,3,filter/refold,final_ranking,"Final ranking gate (rank z-score across instruments, 5 seeds)",,"{'gate_instruments': None, 'ipSAE_ptxv2': 0.8886602544634385, 'sc_DockQ_ptxv2': 0.939986619297585, 'selection_relaxation_step': None}",lin_93678e44ba,,opus_4_8_multi
opus_4_8_multi_target_trem2_rank09,4,selection,selected_for_order,Selected for synthesis (rank 9 in Opus 4.8 multi-target TREM2),,{'rank': 9},lin_93678e44ba,,opus_4_8_multi
opus_4_8_multi_target_trem2_rank10,0,backbone_generation,genie3,Genie3,,"{'generator': 'Genie3', 'class': 'diffusion', 'root_backbone_id': 'bb_f9bf263ab0'}",bb_f9bf263ab0,,opus_4_8_multi
opus_4_8_multi_target_trem2_rank10,1,sequence_design,solublempnn,SolubleMPNN,,{},bb_f9bf263ab0,,opus_4_8_multi
opus_4_8_multi_target_trem2_rank10,2,filter/refold,screen_refold,"In-loop refold screen (Protenix, 1 seed)",,"{'instrument': 'ptxv2', 'ipSAE': 0.874316, 'sc_DockQ': 0.919978}",bb_f9bf263ab0,,opus_4_8_multi
opus_4_8_multi_target_trem2_rank10,3,filter/refold,final_ranking,"Final ranking gate (rank z-score across instruments, 5 seeds)",,"{'gate_instruments': None, 'ipSAE_ptxv2': 0.8743162933064971, 'sc_DockQ_ptxv2': 0.91997780491398, 'selection_relaxation_step': None}",lin_ef13597318,,opus_4_8_multi
opus_4_8_multi_target_trem2_rank10,4,selection,selected_for_order,Selected for synthesis (rank 10 in Opus 4.8 multi-target TREM2),,{'rank': 10},lin_ef13597318,,opus_4_8_multi
opus_4_8_multi_target_trem2_rank11,0,backbone_generation,pxdesign,PXDesign,,"{'generator': 'PXDesign', 'class': 'diffusion', 'root_backbone_id': 'bb_84e6df951a'}",bb_84e6df951a,,opus_4_8_multi
opus_4_8_multi_target_trem2_rank11,1,sequence_design,solublempnn,SolubleMPNN,,{},bb_84e6df951a,,opus_4_8_multi
opus_4_8_multi_target_trem2_rank11,2,filter/refold,screen_refold,"In-loop refold screen (Protenix, 1 seed)",,"{'instrument': 'ptxv2', 'ipSAE': 0.853942, 'sc_DockQ': 0.964303}",bb_84e6df951a,,opus_4_8_multi
opus_4_8_multi_target_trem2_rank11,3,filter/refold,final_ranking,"Final ranking gate (rank z-score across instruments, 5 seeds)",,"{'gate_instruments': None, 'ipSAE_ptxv2': 0.8539418334691276, 'sc_DockQ_ptxv2': 0.9643031153555758, 'selection_relaxation_step': None}",lin_bdf8885792,,opus_4_8_multi
opus_4_8_multi_target_trem2_rank11,4,selection,selected_for_order,Selected for synthesis (rank 11 in Opus 4.8 multi-target TREM2),,{'rank': 11},lin_bdf8885792,,opus_4_8_multi
opus_4_8_multi_target_trem2_rank12,0,backbone_generation,genie3,Genie3,,"{'generator': 'Genie3', 'class': 'diffusion', 'root_backbone_id': 'bb_dba1a1bfe3'}",bb_dba1a1bfe3,,opus_4_8_multi
opus_4_8_multi_target_trem2_rank12,1,sequence_design,solublempnn,SolubleMPNN,,{},bb_dba1a1bfe3,,opus_4_8_multi
opus_4_8_multi_target_trem2_rank12,2,filter/refold,screen_refold,"In-loop refold screen (Protenix, 1 seed)",,"{'instrument': 'ptxv2', 'ipSAE': 0.867098, 'sc_DockQ': 0.862566}",bb_dba1a1bfe3,,opus_4_8_multi
opus_4_8_multi_target_trem2_rank12,3,filter/refold,final_ranking,"Final ranking gate (rank z-score across instruments, 5 seeds)",,"{'gate_instruments': None, 'ipSAE_ptxv2': 0.8670983690515965, 'sc_DockQ_ptxv2': 0.8625660568450826, 'selection_relaxation_step': None}",lin_acbbec0591,,opus_4_8_multi
opus_4_8_multi_target_trem2_rank12,4,selection,selected_for_order,Selected for synthesis (rank 12 in Opus 4.8 multi-target TREM2),,{'rank': 12},lin_acbbec0591,,opus_4_8_multi
opus_4_8_multi_target_trem2_rank13,0,backbone_generation,pxdesign,PXDesign,,"{'generator': 'PXDesign', 'class': 'diffusion', 'root_backbone_id': 'bb_89819380d9'}",bb_89819380d9,,opus_4_8_multi
opus_4_8_multi_target_trem2_rank13,1,sequence_design,solublempnn,SolubleMPNN,,{},bb_89819380d9,,opus_4_8_multi
opus_4_8_multi_target_trem2_rank13,2,filter/refold,screen_refold,"In-loop refold screen (Protenix, 1 seed)",,"{'instrument': 'ptxv2', 'ipSAE': 0.850258, 'sc_DockQ': 0.974318}",bb_89819380d9,,opus_4_8_multi
opus_4_8_multi_target_trem2_rank13,3,filter/refold,final_ranking,"Final ranking gate (rank z-score across instruments, 5 seeds)",,"{'gate_instruments': None, 'ipSAE_ptxv2': 0.8502576665722618, 'sc_DockQ_ptxv2': 0.9743178501093278, 'selection_relaxation_step': None}",lin_7f0f9b8181,,opus_4_8_multi
opus_4_8_multi_target_trem2_rank13,4,selection,selected_for_order,Selected for synthesis (rank 13 in Opus 4.8 multi-target TREM2),,{'rank': 13},lin_7f0f9b8181,,opus_4_8_multi
opus_4_8_multi_target_trem2_rank14,0,backbone_generation,pxdesign,PXDesign,,"{'generator': 'PXDesign', 'class': 'diffusion', 'root_backbone_id': 'bb_2be5c20411'}",bb_2be5c20411,,opus_4_8_multi
opus_4_8_multi_target_trem2_rank14,1,sequence_design,solublempnn,SolubleMPNN,,{},bb_2be5c20411,,opus_4_8_multi
opus_4_8_multi_target_trem2_rank14,2,filter/refold,screen_refold,"In-loop refold screen (Protenix, 1 seed)",,"{'instrument': 'ptxv2', 'ipSAE': 0.869167, 'sc_DockQ': 0.94513}",bb_2be5c20411,,opus_4_8_multi
opus_4_8_multi_target_trem2_rank14,3,filter/refold,final_ranking,"Final ranking gate (rank z-score across instruments, 5 seeds)",,"{'gate_instruments': None, 'ipSAE_ptxv2': 0.8691666828581079, 'sc_DockQ_ptxv2': 0.9451302836381896, 'selection_relaxation_step': None}",lin_7facc388d6,,opus_4_8_multi
opus_4_8_multi_target_trem2_rank14,4,selection,selected_for_order,Selected for synthesis (rank 14 in Opus 4.8 multi-target TREM2),,{'rank': 14},lin_7facc388d6,,opus_4_8_multi
opus_4_8_multi_target_trem2_rank15,0,backbone_generation,pxdesign,PXDesign,,"{'generator': 'PXDesign', 'class': 'diffusion', 'root_backbone_id': 'bb_3937d9a175'}",bb_3937d9a175,,opus_4_8_multi
opus_4_8_multi_target_trem2_rank15,1,sequence_design,solublempnn,SolubleMPNN,,{},bb_3937d9a175,,opus_4_8_multi
opus_4_8_multi_target_trem2_rank15,2,filter/refold,screen_refold,"In-loop refold screen (Protenix, 1 seed)",,"{'instrument': 'ptxv2', 'ipSAE': 0.868817, 'sc_DockQ': 0.951403}",bb_3937d9a175,,opus_4_8_multi
opus_4_8_multi_target_trem2_rank15,3,filter/refold,final_ranking,"Final ranking gate (rank z-score across instruments, 5 seeds)",,"{'gate_instruments': None, 'ipSAE_ptxv2': 0.868817296520614, 'sc_DockQ_ptxv2': 0.9514029300574092, 'selection_relaxation_step': None}",lin_802c39b7ce,,opus_4_8_multi
opus_4_8_multi_target_trem2_rank15,4,selection,selected_for_order,Selected for synthesis (rank 15 in Opus 4.8 multi-target TREM2),,{'rank': 15},lin_802c39b7ce,,opus_4_8_multi
opus_4_8_multi_target_trem2_rank16,0,backbone_generation,rfdiffusion3,RFdiffusion3,,"{'generator': 'RFdiffusion3', 'class': 'diffusion', 'root_backbone_id': 'bb_a651b8453b'}",bb_a651b8453b,,opus_4_8_multi
opus_4_8_multi_target_trem2_rank16,1,sequence_design,solublempnn,SolubleMPNN,,{},bb_a651b8453b,,opus_4_8_multi
opus_4_8_multi_target_trem2_rank16,2,filter/refold,screen_refold,"In-loop refold screen (Protenix, 1 seed)",,"{'instrument': 'ptxv2', 'ipSAE': 0.878432, 'sc_DockQ': 0.943271}",bb_a651b8453b,,opus_4_8_multi
opus_4_8_multi_target_trem2_rank16,3,filter/refold,final_ranking,"Final ranking gate (rank z-score across instruments, 5 seeds)",,"{'gate_instruments': None, 'ipSAE_ptxv2': 0.8784322057483875, 'sc_DockQ_ptxv2': 0.9432706746101543, 'selection_relaxation_step': None}",lin_64f742f895,,opus_4_8_multi
opus_4_8_multi_target_trem2_rank16,4,selection,selected_for_order,Selected for synthesis (rank 16 in Opus 4.8 multi-target TREM2),,{'rank': 16},lin_64f742f895,,opus_4_8_multi
opus_4_8_multi_target_trem2_rank17,0,backbone_generation,genie3,Genie3,,"{'generator': 'Genie3', 'class': 'diffusion', 'root_backbone_id': 'bb_dba1a1bfe3'}",bb_dba1a1bfe3,,opus_4_8_multi
opus_4_8_multi_target_trem2_rank17,1,sequence_design,solublempnn,SolubleMPNN,,{},bb_dba1a1bfe3,,opus_4_8_multi
opus_4_8_multi_target_trem2_rank17,2,filter/refold,screen_refold,"In-loop refold screen (Protenix, 1 seed)",,"{'instrument': 'ptxv2', 'ipSAE': 0.864325, 'sc_DockQ': 0.926805}",bb_dba1a1bfe3,,opus_4_8_multi
opus_4_8_multi_target_trem2_rank17,3,filter/refold,final_ranking,"Final ranking gate (rank z-score across instruments, 5 seeds)",,"{'gate_instruments': None, 'ipSAE_ptxv2': 0.8643247038831299, 'sc_DockQ_ptxv2': 0.926805122121792, 'selection_relaxation_step': None}",lin_5e15d1d376,,opus_4_8_multi
opus_4_8_multi_target_trem2_rank17,4,selection,selected_for_order,Selected for synthesis (rank 17 in Opus 4.8 multi-target TREM2),,{'rank': 17},lin_5e15d1d376,,opus_4_8_multi
opus_4_8_multi_target_trem2_rank18,0,backbone_generation,genie3,Genie3,,"{'generator': 'Genie3', 'class': 'diffusion', 'root_backbone_id': 'bb_07594eb5cb'}",bb_07594eb5cb,,opus_4_8_multi
opus_4_8_multi_target_trem2_rank18,1,sequence_design,solublempnn,SolubleMPNN,,{},bb_07594eb5cb,,opus_4_8_multi
opus_4_8_multi_target_trem2_rank18,2,filter/refold,screen_refold,"In-loop refold screen (Protenix, 1 seed)",,"{'instrument': 'ptxv2', 'ipSAE': 0.863811, 'sc_DockQ': 0.801457}",bb_07594eb5cb,,opus_4_8_multi
opus_4_8_multi_target_trem2_rank18,3,filter/refold,final_ranking,"Final ranking gate (rank z-score across instruments, 5 seeds)",,"{'gate_instruments': None, 'ipSAE_ptxv2': 0.8638105373954893, 'sc_DockQ_ptxv2': 0.8014569383072961, 'selection_relaxation_step': None}",lin_bcbfa32d35,,opus_4_8_multi
opus_4_8_multi_target_trem2_rank18,4,selection,selected_for_order,Selected for synthesis (rank 18 in Opus 4.8 multi-target TREM2),,{'rank': 18},lin_bcbfa32d35,,opus_4_8_multi
opus_4_8_multi_target_trem2_rank19,0,backbone_generation,pxdesign,PXDesign,,"{'generator': 'PXDesign', 'class': 'diffusion', 'root_backbone_id': 'bb_a42e8fc9a7'}",bb_a42e8fc9a7,,opus_4_8_multi
opus_4_8_multi_target_trem2_rank19,1,sequence_design,solublempnn,SolubleMPNN,,{},bb_a42e8fc9a7,,opus_4_8_multi
opus_4_8_multi_target_trem2_rank19,2,filter/refold,screen_refold,"In-loop refold screen (Protenix, 1 seed)",,"{'instrument': 'ptxv2', 'ipSAE': 0.888507, 'sc_DockQ': 0.732484}",bb_a42e8fc9a7,,opus_4_8_multi
opus_4_8_multi_target_trem2_rank19,3,filter/refold,final_ranking,"Final ranking gate (rank z-score across instruments, 5 seeds)",,"{'gate_instruments': None, 'ipSAE_ptxv2': 0.8885066906716593, 'sc_DockQ_ptxv2': 0.7324843296959278, 'selection_relaxation_step': None}",lin_1cf84b4104,,opus_4_8_multi
opus_4_8_multi_target_trem2_rank19,4,selection,selected_for_order,Selected for synthesis (rank 19 in Opus 4.8 multi-target TREM2),,{'rank': 19},lin_1cf84b4104,,opus_4_8_multi
opus_4_8_multi_target_trem2_rank20,0,backbone_generation,pxdesign,PXDesign,,"{'generator': 'PXDesign', 'class': 'diffusion', 'root_backbone_id': 'bb_f12911933a'}",bb_f12911933a,,opus_4_8_multi
opus_4_8_multi_target_trem2_rank20,1,sequence_design,solublempnn,SolubleMPNN,,{},bb_f12911933a,,opus_4_8_multi
opus_4_8_multi_target_trem2_rank20,2,filter/refold,screen_refold,"In-loop refold screen (Protenix, 1 seed)",,"{'instrument': 'ptxv2', 'ipSAE': 0.898458, 'sc_DockQ': 0.570945}",bb_f12911933a,,opus_4_8_multi
opus_4_8_multi_target_trem2_rank20,3,filter/refold,final_ranking,"Final ranking gate (rank z-score across instruments, 5 seeds)",,"{'gate_instruments': None, 'ipSAE_ptxv2': 0.8984577726418802, 'sc_DockQ_ptxv2': 0.5709445351933784, 'selection_relaxation_step': None}",lin_8396b6330a,,opus_4_8_multi
opus_4_8_multi_target_trem2_rank20,4,selection,selected_for_order,Selected for synthesis (rank 20 in Opus 4.8 multi-target TREM2),,{'rank': 20},lin_8396b6330a,,opus_4_8_multi
opus_4_8_multi_target_trem2_rank21,0,backbone_generation,genie3,Genie3,,"{'generator': 'Genie3', 'class': 'diffusion', 'root_backbone_id': 'bb_07594eb5cb'}",bb_07594eb5cb,,opus_4_8_multi
opus_4_8_multi_target_trem2_rank21,1,sequence_design,solublempnn,SolubleMPNN,,{},bb_07594eb5cb,,opus_4_8_multi
opus_4_8_multi_target_trem2_rank21,2,filter/refold,screen_refold,"In-loop refold screen (Protenix, 1 seed)",,"{'instrument': 'ptxv2', 'ipSAE': 0.851331, 'sc_DockQ': 0.833306}",bb_07594eb5cb,,opus_4_8_multi
opus_4_8_multi_target_trem2_rank21,3,filter/refold,final_ranking,"Final ranking gate (rank z-score across instruments, 5 seeds)",,"{'gate_instruments': None, 'ipSAE_ptxv2': 0.8513309638431484, 'sc_DockQ_ptxv2': 0.8333055560996608, 'selection_relaxation_step': None}",lin_35d4b290b5,,opus_4_8_multi
opus_4_8_multi_target_trem2_rank21,4,selection,selected_for_order,Selected for synthesis (rank 21 in Opus 4.8 multi-target TREM2),,{'rank': 21},lin_35d4b290b5,,opus_4_8_multi
opus_4_8_multi_target_trem2_rank22,0,backbone_generation,genie3,Genie3,,"{'generator': 'Genie3', 'class': 'diffusion', 'root_backbone_id': 'bb_58d3ed5e56'}",bb_58d3ed5e56,,opus_4_8_multi
opus_4_8_multi_target_trem2_rank22,1,sequence_design,solublempnn,SolubleMPNN,,{},bb_58d3ed5e56,,opus_4_8_multi
opus_4_8_multi_target_trem2_rank22,2,filter/refold,screen_refold,"In-loop refold screen (Protenix, 1 seed)",,"{'instrument': 'ptxv2', 'ipSAE': 0.861742, 'sc_DockQ': 0.964896}",bb_58d3ed5e56,,opus_4_8_multi
opus_4_8_multi_target_trem2_rank22,3,filter/refold,final_ranking,"Final ranking gate (rank z-score across instruments, 5 seeds)",,"{'gate_instruments': None, 'ipSAE_ptxv2': 0.8617421168541811, 'sc_DockQ_ptxv2': 0.9648956418375731, 'selection_relaxation_step': None}",lin_6cb30dfa8f,,opus_4_8_multi
opus_4_8_multi_target_trem2_rank22,4,selection,selected_for_order,Selected for synthesis (rank 22 in Opus 4.8 multi-target TREM2),,{'rank': 22},lin_6cb30dfa8f,,opus_4_8_multi
opus_4_8_multi_target_trem2_rank23,0,backbone_generation,rfdiffusion3,RFdiffusion3,,"{'generator': 'RFdiffusion3', 'class': 'diffusion', 'root_backbone_id': 'bb_a651b8453b'}",bb_a651b8453b,,opus_4_8_multi
opus_4_8_multi_target_trem2_rank23,1,sequence_design,solublempnn,SolubleMPNN,,{},bb_a651b8453b,,opus_4_8_multi
opus_4_8_multi_target_trem2_rank23,2,filter/refold,screen_refold,"In-loop refold screen (Protenix, 1 seed)",,"{'instrument': 'ptxv2', 'ipSAE': 0.853861, 'sc_DockQ': 0.959755}",bb_a651b8453b,,opus_4_8_multi
opus_4_8_multi_target_trem2_rank23,3,filter/refold,final_ranking,"Final ranking gate (rank z-score across instruments, 5 seeds)",,"{'gate_instruments': None, 'ipSAE_ptxv2': 0.8538605561824021, 'sc_DockQ_ptxv2': 0.9597545957570224, 'selection_relaxation_step': None}",lin_ae28c5b7e9,,opus_4_8_multi
opus_4_8_multi_target_trem2_rank23,4,selection,selected_for_order,Selected for synthesis (rank 23 in Opus 4.8 multi-target TREM2),,{'rank': 23},lin_ae28c5b7e9,,opus_4_8_multi
opus_4_8_multi_target_trem2_rank24,0,backbone_generation,pxdesign,PXDesign,,"{'generator': 'PXDesign', 'class': 'diffusion', 'root_backbone_id': 'bb_e0c4577299'}",bb_e0c4577299,,opus_4_8_multi
opus_4_8_multi_target_trem2_rank24,1,sequence_design,solublempnn,SolubleMPNN,,{},bb_e0c4577299,,opus_4_8_multi
opus_4_8_multi_target_trem2_rank24,2,filter/refold,screen_refold,"In-loop refold screen (Protenix, 1 seed)",,"{'instrument': 'ptxv2', 'ipSAE': 0.882454, 'sc_DockQ': 0.852589}",bb_e0c4577299,,opus_4_8_multi
opus_4_8_multi_target_trem2_rank24,3,filter/refold,final_ranking,"Final ranking gate (rank z-score across instruments, 5 seeds)",,"{'gate_instruments': None, 'ipSAE_ptxv2': 0.8824536132835226, 'sc_DockQ_ptxv2': 0.8525887554848303, 'selection_relaxation_step': None}",lin_9d60b13b7a,,opus_4_8_multi
opus_4_8_multi_target_trem2_rank24,4,selection,selected_for_order,Selected for synthesis (rank 24 in Opus 4.8 multi-target TREM2),,{'rank': 24},lin_9d60b13b7a,,opus_4_8_multi
opus_4_8_multi_target_trem2_rank25,0,backbone_generation,genie3,Genie3,,"{'generator': 'Genie3', 'class': 'diffusion', 'root_backbone_id': 'bb_481d8cc06a'}",bb_481d8cc06a,,opus_4_8_multi
opus_4_8_multi_target_trem2_rank25,1,sequence_design,solublempnn,SolubleMPNN,,{},bb_481d8cc06a,,opus_4_8_multi
opus_4_8_multi_target_trem2_rank25,2,filter/refold,screen_refold,"In-loop refold screen (Protenix, 1 seed)",,"{'instrument': 'ptxv2', 'ipSAE': 0.89665, 'sc_DockQ': 0.950994}",bb_481d8cc06a,,opus_4_8_multi
opus_4_8_multi_target_trem2_rank25,3,filter/refold,final_ranking,"Final ranking gate (rank z-score across instruments, 5 seeds)",,"{'gate_instruments': None, 'ipSAE_ptxv2': 0.8966503769324923, 'sc_DockQ_ptxv2': 0.950994066390526, 'selection_relaxation_step': None}",lin_c106d752f6,,opus_4_8_multi
opus_4_8_multi_target_trem2_rank25,4,selection,selected_for_order,Selected for synthesis (rank 25 in Opus 4.8 multi-target TREM2),,{'rank': 25},lin_c106d752f6,,opus_4_8_multi
opus_4_8_multi_target_trem2_rank26,0,backbone_generation,genie3,Genie3,,"{'generator': 'Genie3', 'class': 'diffusion', 'root_backbone_id': 'bb_58d3ed5e56'}",bb_58d3ed5e56,,opus_4_8_multi
opus_4_8_multi_target_trem2_rank26,1,sequence_design,solublempnn,SolubleMPNN,,{},bb_58d3ed5e56,,opus_4_8_multi
opus_4_8_multi_target_trem2_rank26,2,filter/refold,screen_refold,"In-loop refold screen (Protenix, 1 seed)",,"{'instrument': 'ptxv2', 'ipSAE': 0.839198, 'sc_DockQ': 0.927439}",bb_58d3ed5e56,,opus_4_8_multi
opus_4_8_multi_target_trem2_rank26,3,filter/refold,final_ranking,"Final ranking gate (rank z-score across instruments, 5 seeds)",,"{'gate_instruments': None, 'ipSAE_ptxv2': 0.8391980545381409, 'sc_DockQ_ptxv2': 0.9274385450215398, 'selection_relaxation_step': None}",lin_b3b4908707,,opus_4_8_multi
opus_4_8_multi_target_trem2_rank26,4,selection,selected_for_order,Selected for synthesis (rank 26 in Opus 4.8 multi-target TREM2),,{'rank': 26},lin_b3b4908707,,opus_4_8_multi
opus_4_8_multi_target_trem2_rank27,0,backbone_generation,rfdiffusion3,RFdiffusion3,,"{'generator': 'RFdiffusion3', 'class': 'diffusion', 'root_backbone_id': 'bb_ffd34760cb'}",bb_ffd34760cb,,opus_4_8_multi
opus_4_8_multi_target_trem2_rank27,1,sequence_design,solublempnn,SolubleMPNN,,{},bb_ffd34760cb,,opus_4_8_multi
opus_4_8_multi_target_trem2_rank27,2,filter/refold,screen_refold,"In-loop refold screen (Protenix, 1 seed)",,"{'instrument': 'ptxv2', 'ipSAE': 0.854168, 'sc_DockQ': 0.676871}",bb_ffd34760cb,,opus_4_8_multi
opus_4_8_multi_target_trem2_rank27,3,filter/refold,final_ranking,"Final ranking gate (rank z-score across instruments, 5 seeds)",,"{'gate_instruments': None, 'ipSAE_ptxv2': 0.8541679039051985, 'sc_DockQ_ptxv2': 0.6768706721468734, 'selection_relaxation_step': 'novelty_rule_relaxed'}",lin_59f21ec1da,,opus_4_8_multi
opus_4_8_multi_target_trem2_rank27,4,selection,selected_for_order,Selected for synthesis (rank 27 in Opus 4.8 multi-target TREM2),,{'rank': 27},lin_59f21ec1da,,opus_4_8_multi
opus_4_8_multi_target_trem2_rank28,0,backbone_generation,genie3,Genie3,,"{'generator': 'Genie3', 'class': 'diffusion', 'root_backbone_id': 'bb_68c192fd00'}",bb_68c192fd00,,opus_4_8_multi
opus_4_8_multi_target_trem2_rank28,1,sequence_design,solublempnn,SolubleMPNN,,{},bb_68c192fd00,,opus_4_8_multi
opus_4_8_multi_target_trem2_rank28,2,filter/refold,screen_refold,"In-loop refold screen (Protenix, 1 seed)",,"{'instrument': 'ptxv2', 'ipSAE': 0.785511, 'sc_DockQ': 0.944402}",bb_68c192fd00,,opus_4_8_multi
opus_4_8_multi_target_trem2_rank28,3,filter/refold,final_ranking,"Final ranking gate (rank z-score across instruments, 5 seeds)",,"{'gate_instruments': None, 'ipSAE_ptxv2': 0.785511233782187, 'sc_DockQ_ptxv2': 0.944402322242921, 'selection_relaxation_step': None}",lin_0ea24a3e52,,opus_4_8_multi
opus_4_8_multi_target_trem2_rank28,4,selection,selected_for_order,Selected for synthesis (rank 28 in Opus 4.8 multi-target TREM2),,{'rank': 28},lin_0ea24a3e52,,opus_4_8_multi
opus_4_8_multi_target_trem2_rank29,0,backbone_generation,genie3,Genie3,,"{'generator': 'Genie3', 'class': 'diffusion', 'root_backbone_id': 'bb_2ec0190c84'}",bb_2ec0190c84,,opus_4_8_multi
opus_4_8_multi_target_trem2_rank29,1,sequence_design,solublempnn,SolubleMPNN,,{},bb_2ec0190c84,,opus_4_8_multi
opus_4_8_multi_target_trem2_rank29,2,filter/refold,screen_refold,"In-loop refold screen (Protenix, 1 seed)",,"{'instrument': 'ptxv2', 'ipSAE': 0.804164, 'sc_DockQ': 0.896959}",bb_2ec0190c84,,opus_4_8_multi
opus_4_8_multi_target_trem2_rank29,3,filter/refold,final_ranking,"Final ranking gate (rank z-score across instruments, 5 seeds)",,"{'gate_instruments': None, 'ipSAE_ptxv2': 0.8041640985661876, 'sc_DockQ_ptxv2': 0.8969590477516123, 'selection_relaxation_step': None}",lin_a493e37290,,opus_4_8_multi
opus_4_8_multi_target_trem2_rank29,4,selection,selected_for_order,Selected for synthesis (rank 29 in Opus 4.8 multi-target TREM2),,{'rank': 29},lin_a493e37290,,opus_4_8_multi
opus_4_8_multi_target_trem2_rank30,0,backbone_generation,genie3,Genie3,,"{'generator': 'Genie3', 'class': 'diffusion', 'root_backbone_id': 'bb_25e21d0890'}",bb_25e21d0890,,opus_4_8_multi
opus_4_8_multi_target_trem2_rank30,1,sequence_design,solublempnn,SolubleMPNN,,{},bb_25e21d0890,,opus_4_8_multi
opus_4_8_multi_target_trem2_rank30,2,filter/refold,screen_refold,"In-loop refold screen (Protenix, 1 seed)",,"{'instrument': 'ptxv2', 'ipSAE': 0.656685, 'sc_DockQ': 0.911562}",bb_25e21d0890,,opus_4_8_multi
opus_4_8_multi_target_trem2_rank30,3,filter/refold,final_ranking,"Final ranking gate (rank z-score across instruments, 5 seeds)",,"{'gate_instruments': None, 'ipSAE_ptxv2': 0.6566849053637677, 'sc_DockQ_ptxv2': 0.9115617543268572, 'selection_relaxation_step': None}",lin_68b8785859,,opus_4_8_multi
opus_4_8_multi_target_trem2_rank30,4,selection,selected_for_order,Selected for synthesis (rank 30 in Opus 4.8 multi-target TREM2),,{'rank': 30},lin_68b8785859,,opus_4_8_multi
